Open,High,Low,Close,Volume,Dividends,Stock Splits
277.82000732421875,278.8999938964844,276.74310302734375,278.239990234375,2086264,0.0,0
278.3599853515625,279.0,277.84991455078125,278.70001220703125,1123167,0.0,0
278.54998779296875,280.0799865722656,278.17999267578125,279.2049865722656,1131001,0.0,0
279.2300109863281,279.2699890136719,277.7300109863281,278.04998779296875,766331,0.0,0
278.07000732421875,279.8999938964844,278.0400085449219,279.6300048828125,637860,0.0,0
279.6265869140625,281.2099914550781,279.4800109863281,281.110107421875,1131772,0.0,0
281.1199951171875,281.2799987792969,280.2799987792969,280.7300109863281,606609,0.0,0
280.7300109863281,280.989990234375,279.8599853515625,280.8900146484375,543948,0.0,0
280.9200134277344,280.9200134277344,279.8671875,280.4100036621094,403676,0.0,0
280.45001220703125,280.8399963378906,280.20001220703125,280.3399963378906,431452,0.0,0
280.3500061035156,280.4800109863281,278.75,278.92999267578125,544659,0.0,0
278.92999267578125,279.18499755859375,278.7300109863281,279.1636962890625,536226,0.0,0
279.17999267578125,279.32000732421875,278.29998779296875,278.5264892578125,431943,0.0,0
278.54998779296875,279.1300048828125,278.2200012207031,278.75,337079,0.0,0
278.7449951171875,278.7799987792969,277.86279296875,278.20001220703125,407057,0.0,0
278.2200012207031,278.2250061035156,276.9200134277344,276.9599914550781,650023,0.0,0
276.95001220703125,277.0899963378906,276.25,276.3900146484375,567935,0.0,0
276.385009765625,277.1698913574219,275.8399963378906,277.1199951171875,836129,0.0,0
277.1300048828125,277.6199951171875,276.5783996582031,277.5899963378906,520826,0.0,0
277.6099853515625,277.80999755859375,277.010009765625,277.2799987792969,435587,0.0,0
277.260009765625,277.8800048828125,277.2196960449219,277.2650146484375,431585,0.0,0
277.2699890136719,278.3299865722656,277.087890625,278.22479248046875,524249,0.0,0
278.2550048828125,278.6700134277344,277.7550048828125,278.6700134277344,434657,0.0,0
278.67999267578125,278.8500061035156,277.75,277.8599853515625,513899,0.0,0
277.8500061035156,278.5199890136719,277.7300109863281,278.1099853515625,476714,0.0,0
278.1199951171875,279.0,277.55999755859375,278.010009765625,1855408,0.0,0
276.0,276.3550109863281,274.8500061035156,274.95001220703125,1968752,0.0,0
274.89068603515625,275.7250061035156,272.9949951171875,273.8550109863281,1535629,0.0,0
273.8550109863281,273.9750061035156,272.3800048828125,273.3299865722656,1195948,0.0,0
273.3399963378906,274.1000061035156,272.7099914550781,273.4700012207031,840640,0.0,0
273.5,274.7349853515625,273.260009765625,274.73370361328125,955225,0.0,0
274.75,275.760009765625,274.1300048828125,274.95001220703125,765574,0.0,0
274.92999267578125,275.25,274.4100036621094,274.489990234375,454141,0.0,0
274.489990234375,275.25,274.31109619140625,274.94000244140625,424858,0.0,0
274.9599914550781,275.57000732421875,274.1700134277344,275.2799987792969,593241,0.0,0
275.2699890136719,275.3699951171875,274.7200012207031,274.8399963378906,420935,0.0,0
274.8399963378906,275.9800109863281,274.8096008300781,275.9100036621094,431081,0.0,0
275.9200134277344,277.239990234375,275.8900146484375,277.0899963378906,614486,0.0,0
277.1000061035156,277.6000061035156,276.9461975097656,277.4429016113281,460089,0.0,0
277.44500732421875,277.8900146484375,277.1199951171875,277.260009765625,466273,0.0,0
277.25,277.29998779296875,276.7300109863281,276.8279113769531,448044,0.0,0
276.8500061035156,276.92999267578125,275.1445007324219,275.29998779296875,576238,0.0,0
275.239990234375,275.25,273.7699890136719,273.99359130859375,863927,0.0,0
273.9800109863281,274.2200012207031,273.45001220703125,274.04998779296875,666639,0.0,0
274.0400085449219,275.1700134277344,273.8902893066406,275.0899963378906,574341,0.0,0
275.0899963378906,275.1199951171875,274.54010009765625,274.6300048828125,457817,0.0,0
274.6300048828125,275.19000244140625,274.6300048828125,274.9800109863281,379461,0.0,0
275.0,275.3500061035156,274.4700012207031,274.989990234375,647391,0.0,0
275.04998779296875,275.260009765625,274.69000244140625,275.23040771484375,401670,0.0,0
275.25,275.39599609375,274.1700134277344,275.07000732421875,545654,0.0,0
275.04998779296875,275.6400146484375,274.7330017089844,275.239990234375,738203,0.0,0
275.2236022949219,275.32000732421875,274.4700012207031,274.8399963378906,1738050,0.0,0
277.42999267578125,279.1700134277344,277.2799987792969,278.3966064453125,1513335,0.0,0
278.0,279.20001220703125,277.510009765625,278.8699951171875,798946,0.0,0
278.79998779296875,280.2799987792969,278.4100036621094,279.6199951171875,968579,0.0,0
279.6000061035156,279.75,278.6600036621094,279.44000244140625,1237682,0.0,0
279.45001220703125,279.5199890136719,278.04998779296875,278.70001220703125,588063,0.0,0
278.70001220703125,279.05999755859375,278.2369079589844,278.8299865722656,470897,0.0,0
278.82501220703125,279.95001220703125,278.54998779296875,279.7900085449219,678050,0.0,0
279.7900085449219,280.44000244140625,279.40008544921875,280.2157897949219,663208,0.0,0
280.2200012207031,281.4200134277344,279.8299865722656,281.1400146484375,851455,0.0,0
281.1600036621094,281.3599853515625,280.6499938964844,281.2799987792969,587007,0.0,0
281.2799987792969,281.3999938964844,280.6910095214844,280.8599853515625,488032,0.0,0
280.8699951171875,281.7900085449219,280.614990234375,281.42608642578125,643887,0.0,0
281.42999267578125,282.489990234375,281.4100036621094,282.3297119140625,657967,0.0,0
282.3380126953125,282.8500061035156,282.2084045410156,282.343994140625,525583,0.0,0
282.3500061035156,282.94000244140625,282.3299865722656,282.5867004394531,676981,0.0,0
282.6300048828125,283.5,282.5458984375,283.05999755859375,826721,0.0,0
283.04998779296875,283.30499267578125,282.5400085449219,282.6499938964844,551158,0.0,0
282.6650085449219,283.20001220703125,282.4800109863281,283.1099853515625,548576,0.0,0
283.07000732421875,283.07000732421875,282.30999755859375,282.5199890136719,375444,0.0,0
282.5199890136719,282.9800109863281,282.4800109863281,282.7525939941406,369793,0.0,0
282.7594909667969,282.9800109863281,282.3500061035156,282.5799865722656,380549,0.0,0
282.5899963378906,282.9800109863281,282.4100036621094,282.6700134277344,428721,0.0,0
282.6400146484375,283.20001220703125,282.5199890136719,282.8900146484375,713539,0.0,0
282.9100036621094,282.94000244140625,282.3900146484375,282.42999267578125,583677,0.0,0
282.44000244140625,283.1000061035156,282.3500061035156,283.0199890136719,901575,0.0,0
283.0,283.2300109863281,282.29998779296875,282.4700012207031,1928186,0.0,0
281.760009765625,282.8810119628906,281.1099853515625,282.2749938964844,1574994,0.0,0
282.2200012207031,283.3999938964844,281.3399963378906,282.7799987792969,1183320,0.0,0
282.7449951171875,283.3599853515625,282.04998779296875,282.3299865722656,728831,0.0,0
282.31768798828125,282.6300964355469,280.95001220703125,281.1199951171875,667137,0.0,0
281.1499938964844,281.260009765625,280.1676940917969,280.95001220703125,910352,0.0,0
280.9200134277344,281.8599853515625,280.7799987792969,281.7300109863281,700599,0.0,0
281.7300109863281,282.123291015625,280.5799865722656,280.5799865722656,471317,0.0,0
280.5400085449219,281.54998779296875,280.5400085449219,281.1531982421875,446425,0.0,0
281.1600036621094,281.8999938964844,281.04998779296875,281.7799987792969,391426,0.0,0
281.7650146484375,282.94000244140625,281.7650146484375,282.7699890136719,477780,0.0,0
282.7799987792969,283.30999755859375,282.44000244140625,282.9700012207031,510957,0.0,0
282.9100036621094,283.75,282.635009765625,283.3399963378906,472154,0.0,0
283.3399963378906,283.3500061035156,282.3399963378906,282.55999755859375,465107,0.0,0
282.55999755859375,282.6000061035156,281.3500061035156,281.3500061035156,497165,0.0,0
281.3599853515625,282.55999755859375,281.3500061035156,282.4800109863281,298072,0.0,0
282.4649963378906,282.95001220703125,282.29998779296875,282.7650146484375,304132,0.0,0
282.7799987792969,283.0400085449219,282.3900146484375,282.3999938964844,302845,0.0,0
282.3999938964844,282.8500061035156,282.239990234375,282.6400146484375,242565,0.0,0
282.6400146484375,282.8500061035156,282.1000061035156,282.3699951171875,344886,0.0,0
282.3550109863281,282.7699890136719,282.2099914550781,282.67999267578125,297765,0.0,0
282.7200012207031,282.8999938964844,282.1199951171875,282.5299987792969,437759,0.0,0
282.54998779296875,283.2900085449219,282.4800109863281,283.07000732421875,474446,0.0,0
283.07000732421875,283.70001220703125,282.8800048828125,283.4700012207031,476235,0.0,0
283.489990234375,283.6700134277344,283.1000061035156,283.25,437827,0.0,0
283.2200012207031,283.2799987792969,282.7099914550781,282.739990234375,564658,0.0,0
282.7200012207031,283.79998779296875,282.6650085449219,283.6499938964844,1387359,0.0,0
279.1499938964844,281.32000732421875,278.67999267578125,280.2380065917969,2216973,0.0,0
280.25,281.82000732421875,280.010009765625,281.4869079589844,865534,0.0,0
281.510009765625,282.9700012207031,281.0840148925781,282.67999267578125,753910,0.0,0
282.70001220703125,283.6499938964844,282.5199890136719,282.8399963378906,742037,0.0,0
282.8399963378906,282.875,281.8699951171875,282.2699890136719,461016,0.0,0
282.31439208984375,282.67999267578125,281.67999267578125,282.135986328125,439833,0.0,0
282.1300048828125,282.1820983886719,280.9519958496094,281.0199890136719,464465,0.0,0
281.0150146484375,281.45001220703125,279.4800109863281,279.4800109863281,577435,0.0,0
279.4800109863281,280.07000732421875,279.4100036621094,279.94000244140625,560433,0.0,0
279.9599914550781,280.7300109863281,279.80999755859375,280.1300048828125,614152,0.0,0
280.1700134277344,280.80499267578125,280.0199890136719,280.739990234375,323140,0.0,0
280.760009765625,281.0299987792969,280.47088623046875,280.85009765625,319155,0.0,0
280.8900146484375,281.0274963378906,280.2200012207031,280.9700927734375,290631,0.0,0
280.9599914550781,281.6199951171875,280.9198913574219,281.4800109863281,275527,0.0,0
281.4700012207031,282.2799987792969,281.3299865722656,282.25,355030,0.0,0
282.25,282.3999938964844,281.79998779296875,281.8299865722656,313138,0.0,0
281.8399963378906,282.70001220703125,281.8399963378906,282.4574890136719,262407,0.0,0
282.42999267578125,282.67388916015625,281.6499938964844,282.0400085449219,270863,0.0,0
282.0400085449219,282.2900085449219,281.75,281.885009765625,234159,0.0,0
281.89990234375,282.4100036621094,281.5299987792969,281.54998779296875,235819,0.0,0
281.54998779296875,281.8900146484375,281.3800048828125,281.6824951171875,269797,0.0,0
281.6700134277344,281.8599853515625,281.28289794921875,281.7500915527344,294259,0.0,0
281.75,282.0299987792969,281.57501220703125,281.8500061035156,425261,0.0,0
281.8599853515625,281.9949951171875,281.4200134277344,281.6700134277344,398274,0.0,0
281.6799011230469,282.25,281.6400146484375,282.25,437506,0.0,0
282.239990234375,283.20001220703125,282.2200012207031,282.8699951171875,1314233,0.0,0
283.1099853515625,285.6600036621094,282.6000061035156,285.45001220703125,2475858,0.0,0
285.4700012207031,285.8900146484375,284.95001220703125,285.239990234375,973550,0.0,0
285.2699890136719,285.9200134277344,284.4501037597656,284.6648864746094,882829,0.0,0
284.6698913574219,284.95001220703125,284.0199890136719,284.46539306640625,658863,0.0,0
284.45001220703125,284.8299865722656,284.07000732421875,284.5899963378906,460848,0.0,0
284.6199951171875,284.6600036621094,283.1300048828125,283.489990234375,615227,0.0,0
283.54998779296875,284.1700134277344,283.2799987792969,283.3262023925781,412178,0.0,0
283.3399963378906,283.4200134277344,282.5899963378906,282.7149963378906,576277,0.0,0
282.69000244140625,282.92999267578125,281.1000061035156,281.3800048828125,728252,0.0,0
281.32000732421875,282.56500244140625,281.2384948730469,282.54998779296875,553874,0.0,0
282.5400085449219,282.5799865722656,281.07000732421875,281.17999267578125,495206,0.0,0
281.17999267578125,281.30999755859375,280.2799987792969,280.7699890136719,630636,0.0,0
280.7699890136719,281.3599853515625,280.3900146484375,281.3299865722656,425708,0.0,0
281.3399963378906,281.5799865722656,281.04998779296875,281.2799987792969,277982,0.0,0
281.2200012207031,281.489990234375,280.7699890136719,281.3900146484375,268203,0.0,0
281.3599853515625,281.5299987792969,280.489990234375,280.510009765625,291907,0.0,0
280.5299987792969,280.7149963378906,280.010009765625,280.510009765625,364687,0.0,0
280.52801513671875,280.82049560546875,280.17999267578125,280.739990234375,263062,0.0,0
280.7300109863281,280.74249267578125,279.3699951171875,279.92999267578125,519968,0.0,0
279.95001220703125,280.0400085449219,279.6099853515625,279.8349914550781,349983,0.0,0
279.79998779296875,280.031005859375,279.5199890136719,279.760009765625,373278,0.0,0
279.7200012207031,280.05999755859375,279.32000732421875,279.9580078125,364471,0.0,0
279.9700012207031,280.25,279.67999267578125,279.8299865722656,377002,0.0,0
279.80999755859375,280.31500244140625,279.5,280.05999755859375,402710,0.0,0
280.05999755859375,280.4200134277344,279.8299865722656,280.3392028808594,481903,0.0,0
280.3500061035156,280.760009765625,280.2099914550781,280.3500061035156,1180127,0.0,0
279.6400146484375,280.3299865722656,278.5199890136719,279.6300048828125,1429381,0.0,0
279.69000244140625,280.2200012207031,277.6099853515625,277.8800048828125,891533,0.0,0
277.8999938964844,279.1499938964844,277.8800048828125,278.8599853515625,742158,0.0,0
278.79998779296875,280.05999755859375,278.647705078125,280.05999755859375,832186,0.0,0
280.07000732421875,280.82000732421875,279.45001220703125,280.6401062011719,722117,0.0,0
280.6300048828125,281.3599853515625,280.0,280.6400146484375,598574,0.0,0
280.6700134277344,281.05999755859375,279.60009765625,281.0400085449219,501766,0.0,0
281.0400085449219,281.93359375,280.677490234375,281.489990234375,571185,0.0,0
281.510009765625,281.7300109863281,281.20001220703125,281.2900085449219,382140,0.0,0
281.260009765625,281.6698913574219,280.8699951171875,280.9971008300781,434879,0.0,0
280.9700012207031,281.1600036621094,280.67999267578125,280.8900146484375,338486,0.0,0
280.8800048828125,281.0,279.8900146484375,279.95001220703125,373154,0.0,0
279.8999938964844,280.5,279.8949890136719,280.30999755859375,397419,0.0,0
280.29998779296875,280.4200134277344,280.0150146484375,280.260009765625,307385,0.0,0
280.2349853515625,280.510009765625,279.82000732421875,280.3699951171875,368992,0.0,0
280.3500061035156,281.2799987792969,280.239990234375,281.2687072753906,443469,0.0,0
281.25,281.3999938964844,280.8900146484375,281.07000732421875,475339,0.0,0
281.05999755859375,282.6199951171875,280.9800109863281,282.2200012207031,668693,0.0,0
282.2149963378906,282.5325012207031,282.0299987792969,282.3699951171875,480712,0.0,0
282.3699951171875,282.4100036621094,281.07000732421875,281.42999267578125,861716,0.0,0
281.4389953613281,281.9198913574219,280.92999267578125,281.4549865722656,698592,0.0,0
281.4549865722656,282.6300048828125,281.4549865722656,282.2768859863281,540490,0.0,0
282.2869873046875,282.4700012207031,281.9100036621094,281.9800109863281,496220,0.0,0
281.9989929199219,282.8800048828125,281.9750061035156,282.6700134277344,726025,0.0,0
282.69000244140625,283.0799865722656,282.2300109863281,282.2749938964844,805966,0.0,0
282.2799987792969,282.864990234375,281.69000244140625,282.2799987792969,1707224,0.0,0
288.67999267578125,289.04998779296875,286.94000244140625,288.239990234375,3027407,0.0,0
288.239990234375,289.239990234375,287.9200134277344,288.581298828125,1411344,0.0,0
288.6400146484375,289.07000732421875,287.4200134277344,287.6300048828125,1099149,0.0,0
287.6700134277344,288.1700134277344,287.0199890136719,287.6600036621094,913669,0.0,0
287.7200012207031,289.1400146484375,287.5663146972656,289.0400085449219,656555,0.0,0
289.04998779296875,289.2698059082031,288.3500061035156,288.3900146484375,753616,0.0,0
288.4100036621094,289.6600036621094,288.3699951171875,289.05999755859375,932132,0.0,0
289.05999755859375,289.2200012207031,288.7200012207031,288.80999755859375,613099,0.0,0
288.7900085449219,289.0849914550781,288.3999938964844,288.6400146484375,614573,0.0,0
288.6499938964844,288.92999267578125,288.3299865722656,288.6300048828125,500282,0.0,0
288.6499938964844,288.79998779296875,288.010009765625,288.25,532730,0.0,0
288.25,288.3999938964844,287.6532897949219,288.0799865722656,447995,0.0,0
288.1000061035156,288.1499938964844,287.831787109375,288.0400085449219,362535,0.0,0
288.0400085449219,288.25,287.6400146484375,288.17498779296875,420592,0.0,0
288.19000244140625,288.5505065917969,287.81500244140625,288.4649963378906,344568,0.0,0
288.4735107421875,288.69000244140625,288.29998779296875,288.32720947265625,300651,0.0,0
288.32000732421875,288.6700134277344,288.1629943847656,288.6099853515625,318715,0.0,0
288.6239929199219,289.0,288.45001220703125,288.4599914550781,491332,0.0,0
288.4750061035156,288.79998779296875,288.4100036621094,288.4200134277344,291789,0.0,0
288.44000244140625,288.57000732421875,288.2113037109375,288.3800048828125,337780,0.0,0
288.3900146484375,288.92498779296875,288.1199951171875,288.8550109863281,436886,0.0,0
288.8900146484375,288.8999938964844,288.1000061035156,288.1700134277344,421280,0.0,0
288.1600036621094,288.4599914550781,287.94000244140625,288.3500061035156,553611,0.0,0
288.3450012207031,288.5950012207031,288.0899963378906,288.54998779296875,484508,0.0,0
288.5400085449219,289.2300109863281,288.3500061035156,289.214599609375,804015,0.0,0
289.2200012207031,289.80999755859375,288.70001220703125,289.135009765625,2556007,0.0,0
290.75,290.8999938964844,288.510009765625,289.3547058105469,2583186,0.0,0
289.3800048828125,289.7099914550781,288.68011474609375,288.9200134277344,916473,0.0,0
288.9599914550781,290.3599853515625,288.9599914550781,290.239990234375,930053,0.0,0
290.2699890136719,290.45001220703125,289.0199890136719,289.0199890136719,710120,0.0,0
289.0325927734375,289.55999755859375,288.6499938964844,288.6600036621094,684973,0.0,0
288.6610107421875,288.6700134277344,287.8800048828125,288.3880920410156,636573,0.0,0
288.3800048828125,288.489990234375,287.1300048828125,287.6510009765625,789947,0.0,0
287.6400146484375,288.0799865722656,287.04998779296875,288.07000732421875,620969,0.0,0
288.05999755859375,288.69000244140625,288.0199890136719,288.4949951171875,577217,0.0,0
288.45001220703125,288.7250061035156,287.7850036621094,288.5299987792969,592373,0.0,0
288.5350036621094,288.68499755859375,287.8742980957031,288.3500061035156,387787,0.0,0
288.3500061035156,288.79998779296875,288.05999755859375,288.7699890136719,377462,0.0,0
288.75,289.04010009765625,288.6700134277344,288.80999755859375,319750,0.0,0
288.80999755859375,289.07000732421875,288.4800109863281,288.57940673828125,402186,0.0,0
288.6099853515625,288.7099914550781,288.2200012207031,288.6400146484375,303148,0.0,0
288.6600036621094,289.20001220703125,288.57000732421875,288.75,364754,0.0,0
288.7200012207031,288.80718994140625,288.3500061035156,288.5,254146,0.0,0
288.4800109863281,288.6300048828125,288.18011474609375,288.3299865722656,340829,0.0,0
288.30999755859375,288.30999755859375,287.239990234375,287.2799987792969,454974,0.0,0
287.2799987792969,287.70001220703125,287.1600036621094,287.42999267578125,330304,0.0,0
287.4100036621094,287.4599914550781,286.94000244140625,287.239990234375,406127,0.0,0
287.2167053222656,287.30999755859375,286.510009765625,287.1499938964844,456424,0.0,0
287.1400146484375,287.19989013671875,286.57000732421875,286.885009765625,420367,0.0,0
286.89990234375,287.5400085449219,286.7699890136719,287.25,381152,0.0,0
287.25,287.6000061035156,286.8299865722656,287.0299987792969,499722,0.0,0
287.0400085449219,287.5400085449219,286.760009765625,287.0899963378906,1526458,0.0,0
288.4800109863281,288.989990234375,287.489990234375,288.1700134277344,2387679,0.0,0
288.18499755859375,288.67999267578125,287.19000244140625,287.9700012207031,2542824,0.0,0
287.9700012207031,288.7099914550781,286.94000244140625,288.57000732421875,858112,0.0,0
288.6199951171875,289.07000732421875,288.0799865722656,288.3999938964844,470263,0.0,0
288.3900146484375,288.8699951171875,288.1051940917969,288.17999267578125,393187,0.0,0
288.1600036621094,288.5799865722656,287.8900146484375,288.4700012207031,634664,0.0,0
288.5400085449219,289.1499938964844,288.1300048828125,288.7900085449219,503339,0.0,0
288.7900085449219,289.67999267578125,288.7099914550781,289.2699890136719,559365,0.0,0
289.2799987792969,289.4800109863281,289.0899963378906,289.2049865722656,416085,0.0,0
289.2099914550781,289.45989990234375,288.7300109863281,288.80999755859375,368135,0.0,0
288.8500061035156,289.3999938964844,288.760009765625,289.0799865722656,268421,0.0,0
289.0950012207031,289.4599914550781,289.04998779296875,289.260009765625,229008,0.0,0
289.29998779296875,289.5,289.19000244140625,289.31500244140625,216644,0.0,0
289.31500244140625,289.3680114746094,288.9200134277344,289.1099853515625,208445,0.0,0
289.0799865722656,289.3800048828125,288.80999755859375,289.2652893066406,428923,0.0,0
289.2799987792969,289.7300109863281,289.260009765625,289.6299133300781,217209,0.0,0
289.614990234375,289.8800048828125,289.5400085449219,289.7699890136719,469142,0.0,0
289.7749938964844,290.1600036621094,289.7300109863281,289.8999938964844,466871,0.0,0
289.92999267578125,290.05999755859375,289.7900085449219,290.0400085449219,241557,0.0,0
290.0400085449219,290.3299865722656,289.82000732421875,290.239990234375,482030,0.0,0
290.239990234375,290.75,290.2300109863281,290.5249938964844,432712,0.0,0
290.5199890136719,290.8399963378906,290.5014953613281,290.67498779296875,529140,0.0,0
290.67498779296875,291.03900146484375,290.5450134277344,291.010009765625,646920,0.0,0
291.0299987792969,291.2300109863281,290.739990234375,290.8299865722656,590535,0.0,0
290.82000732421875,291.30999755859375,290.7300109863281,291.07000732421875,724568,0.0,0
291.07000732421875,291.9100036621094,290.8949890136719,291.8999938964844,2222155,0.0,0
291.0,291.94000244140625,290.6000061035156,290.75,3644688,0.0,0
290.7449951171875,292.6799011230469,290.45001220703125,292.1199951171875,1297494,0.0,0
292.1700134277344,292.20001220703125,290.70001220703125,290.75,568106,0.0,0
290.7749938964844,290.8900146484375,290.1099853515625,290.6600036621094,508632,0.0,0
290.6300048828125,291.2499084472656,290.57000732421875,290.8599853515625,478105,0.0,0
290.79998779296875,290.85089111328125,290.2099914550781,290.5,436733,0.0,0
290.4800109863281,290.9800109863281,290.2200012207031,290.6300048828125,410545,0.0,0
290.6448059082031,291.739990234375,290.6448059082031,291.6300048828125,384494,0.0,0
291.6199951171875,292.25,291.5799865722656,292.1466979980469,376069,0.0,0
292.1499938964844,292.79998779296875,292.1499938964844,292.67999267578125,459335,0.0,0
292.70001220703125,292.75,292.2699890136719,292.55999755859375,266187,0.0,0
292.5400085449219,292.739990234375,292.29998779296875,292.6099853515625,251332,0.0,0
292.6400146484375,292.95001220703125,292.54998779296875,292.9200134277344,432044,0.0,0
292.9200134277344,292.9223937988281,292.6199951171875,292.79998779296875,258733,0.0,0
292.79998779296875,293.19000244140625,292.57000732421875,292.8500061035156,333300,0.0,0
292.8399963378906,293.1199035644531,292.6600036621094,292.92999267578125,270119,0.0,0
292.95001220703125,293.04998779296875,292.7326965332031,292.7900085449219,205711,0.0,0
292.7900085449219,293.25,292.760009765625,293.17999267578125,258382,0.0,0
293.19000244140625,293.239990234375,292.8599853515625,293.1199951171875,289901,0.0,0
293.1499938964844,293.489990234375,293.1122131347656,293.3450012207031,301548,0.0,0
293.3599853515625,293.8900146484375,293.29998779296875,293.69000244140625,457445,0.0,0
293.70001220703125,294.17999267578125,293.6199951171875,293.9070129394531,566519,0.0,0
293.8909912109375,294.010009765625,293.29998779296875,293.6400146484375,521002,0.0,0
293.6549987792969,293.94000244140625,293.6199951171875,293.7001037597656,346521,0.0,0
293.7200012207031,293.7698974609375,293.364990234375,293.3900146484375,458645,0.0,0
293.3800048828125,293.79998779296875,293.0400085449219,293.5299987792969,1414740,0.0,0
291.989990234375,292.7300109863281,291.6199951171875,292.2099914550781,1760545,0.0,0
292.2078857421875,292.8800048828125,291.9800109863281,292.4700012207031,788638,0.0,0
292.489990234375,292.5,291.6300048828125,291.7868957519531,737711,0.0,0
291.7799987792969,291.7850036621094,290.8651123046875,291.3999938964844,717462,0.0,0
291.3500061035156,291.3599853515625,290.4200134277344,291.30731201171875,886226,0.0,0
291.3299865722656,291.6000061035156,290.8500061035156,291.0799865722656,475919,0.0,0
291.05999755859375,292.1199951171875,290.98028564453125,292.0050048828125,426621,0.0,0
292.0400085449219,292.4299011230469,291.989990234375,292.1300048828125,397924,0.0,0
292.114990234375,292.80999755859375,291.989990234375,292.6700134277344,561561,0.0,0
292.70001220703125,293.489990234375,292.6449890136719,293.1499938964844,416155,0.0,0
293.1588134765625,293.2300109863281,292.7300109863281,293.0050048828125,265202,0.0,0
293.0,293.20001220703125,292.2699890136719,292.3399963378906,342127,0.0,0
292.3399963378906,292.6700134277344,292.1300048828125,292.2091064453125,243649,0.0,0
292.2200012207031,292.3699035644531,292.0299987792969,292.3299865722656,188665,0.0,0
292.3599853515625,292.80999755859375,292.2334899902344,292.73028564453125,305887,0.0,0
292.7377014160156,292.9700012207031,292.69000244140625,292.80999755859375,195313,0.0,0
292.8299865722656,293.3399963378906,292.6700134277344,293.3031005859375,303741,0.0,0
293.31500244140625,293.4700012207031,293.0987854003906,293.2149963378906,236174,0.0,0
293.2049865722656,294.0400085449219,293.19000244140625,293.8399963378906,424136,0.0,0
293.8299865722656,293.9800109863281,293.3500061035156,293.510009765625,265863,0.0,0
293.510009765625,293.510009765625,291.8399963378906,291.8999938964844,488113,0.0,0
291.9031982421875,292.1000061035156,291.1700134277344,292.010009765625,539924,0.0,0
292.0,292.1400146484375,291.5990905761719,291.99810791015625,269189,0.0,0
292.0,292.8900146484375,291.8103942871094,292.739990234375,401740,0.0,0
292.7528991699219,293.2099914550781,292.72039794921875,293.0400085449219,542223,0.0,0
293.0299987792969,293.69000244140625,292.70001220703125,292.70001220703125,1386650,0.0,0
290.27398681640625,291.44000244140625,289.9700012207031,290.7699890136719,1770883,0.62,0
290.79998779296875,292.3500061035156,290.79998779296875,292.0799865722656,939356,0.0,0
292.0899963378906,292.4700012207031,291.20001220703125,291.29901123046875,746430,0.0,0
291.260009765625,291.8399963378906,291.2200012207031,291.630615234375,589946,0.0,0
291.6400146484375,291.6499938964844,290.3900146484375,291.3500061035156,676321,0.0,0
291.3299865722656,291.46551513671875,290.1600036621094,290.54998779296875,469200,0.0,0
290.57000732421875,290.9740905761719,290.2799987792969,290.6264953613281,634057,0.0,0
290.6400146484375,291.5299987792969,290.3700866699219,291.2550048828125,569434,0.0,0
291.2699890136719,291.7300109863281,290.4599914550781,290.5299987792969,524073,0.0,0
290.5400085449219,290.67999267578125,290.2099914550781,290.510009765625,495297,0.0,0
290.5199890136719,291.0,290.4800109863281,290.67999267578125,305554,0.0,0
290.67999267578125,291.32000732421875,290.6700134277344,291.2817077636719,308009,0.0,0
291.2900085449219,291.8299865722656,291.1000061035156,291.6099853515625,326532,0.0,0
291.6199951171875,291.82000732421875,291.4400939941406,291.510009765625,257560,0.0,0
291.510009765625,291.6700134277344,290.8599853515625,291.6000061035156,333790,0.0,0
291.6099853515625,291.82000732421875,291.1700134277344,291.760009765625,282884,0.0,0
291.7300109863281,291.9800109863281,291.4599914550781,291.7850036621094,335291,0.0,0
291.79998779296875,291.9100036621094,291.5400085449219,291.6400146484375,284954,0.0,0
291.6499938964844,293.0400085449219,291.3299865722656,292.864990234375,1070894,0.0,0
292.9100036621094,293.2749938964844,291.8999938964844,292.7320861816406,549330,0.0,0
292.739990234375,293.3500061035156,292.4100036621094,292.4100036621094,620881,0.0,0
292.435791015625,292.5899963378906,292.010009765625,292.1499938964844,353135,0.0,0
292.1499938964844,292.69000244140625,290.95001220703125,291.2900085449219,585167,0.0,0
291.32000732421875,291.9200134277344,291.1000061035156,291.70001220703125,419344,0.0,0
291.7049865722656,291.7073974609375,291.0902099609375,291.2550048828125,592495,0.0,0
291.2300109863281,291.54998779296875,290.70001220703125,291.37689208984375,1225578,0.0,0
290.6099853515625,290.7900085449219,289.6600036621094,290.510009765625,1269005,0.0,0
290.5150146484375,290.6300048828125,289.80499267578125,289.9150085449219,2438957,0.0,0
289.989990234375,290.3599853515625,289.0799865722656,290.30999755859375,719393,0.0,0
290.3299865722656,290.54998779296875,289.79998779296875,289.9399108886719,444289,0.0,0
289.9200134277344,290.79998779296875,289.6225891113281,290.3800048828125,710093,0.0,0
290.4100036621094,290.9200134277344,290.1400146484375,290.4800109863281,549634,0.0,0
290.5,290.69000244140625,289.8999938964844,290.4100036621094,443454,0.0,0
290.4100036621094,291.239990234375,290.3599853515625,291.17999267578125,518886,0.0,0
291.2200012207031,291.5098876953125,290.9599914550781,291.20001220703125,434398,0.0,0
291.2099914550781,291.6000061035156,291.0799865722656,291.1300964355469,316711,0.0,0
291.1700134277344,291.54998779296875,291.07000732421875,291.1400146484375,310127,0.0,0
291.1600036621094,291.30999755859375,290.2900085449219,290.5899963378906,502145,0.0,0
290.5899963378906,290.6400146484375,290.1499938964844,290.17999267578125,302189,0.0,0
290.20001220703125,290.7900085449219,290.1600036621094,290.73858642578125,271110,0.0,0
290.7300109863281,291.2699890136719,290.6099853515625,290.7300109863281,285511,0.0,0
290.760009765625,291.17999267578125,290.5299987792969,291.0400085449219,250907,0.0,0
291.0249938964844,291.4100036621094,290.8500061035156,291.15008544921875,260993,0.0,0
291.1600036621094,291.2099914550781,290.7300109863281,290.92999267578125,294463,0.0,0
290.92999267578125,291.2799987792969,290.6499938964844,290.9800109863281,330308,0.0,0
291.0,291.3299865722656,290.8800048828125,291.04998779296875,332299,0.0,0
291.0899963378906,291.0899963378906,290.510009765625,290.92999267578125,342796,0.0,0
290.9100036621094,291.2900085449219,290.6300048828125,291.125,338687,0.0,0
291.1099853515625,291.6099853515625,291.0,291.6099853515625,437391,0.0,0
291.6299133300781,291.9100036621094,291.3699951171875,291.67999267578125,510530,0.0,0
291.7099914550781,291.75,290.8599853515625,290.95001220703125,602220,0.0,0
290.9599914550781,291.1199951171875,289.54998779296875,290.260009765625,1668891,0.0,0
288.8999938964844,289.25,287.2099914550781,287.4648132324219,3592265,0.0,0
287.42999267578125,287.6099853515625,286.32000732421875,286.55999755859375,873194,0.0,0
286.5849914550781,287.4599914550781,286.3500061035156,286.99798583984375,684033,0.0,0
287.0,287.54998779296875,286.82000732421875,287.2099914550781,528081,0.0,0
287.2099914550781,287.6499938964844,286.9700012207031,287.42999267578125,621071,0.0,0
287.4100036621094,287.4513854980469,286.2699890136719,286.2699890136719,482611,0.0,0
286.2749938964844,286.71990966796875,285.9200134277344,286.3599853515625,546401,0.0,0
286.3500061035156,286.4700012207031,285.94000244140625,286.3599853515625,472685,0.0,0
286.3699951171875,287.20001220703125,286.1099853515625,286.989990234375,448844,0.0,0
286.9700012207031,287.2099914550781,286.45001220703125,286.4776916503906,325003,0.0,0
286.44500732421875,286.6600036621094,286.260009765625,286.5899963378906,324093,0.0,0
286.6000061035156,286.8999938964844,286.2699890136719,286.42999267578125,303549,0.0,0
286.44000244140625,286.7099914550781,286.3599853515625,286.6012878417969,365464,0.0,0
286.6099853515625,287.1199951171875,286.489990234375,286.7300109863281,412035,0.0,0
286.7300109863281,286.9200134277344,286.5,286.5509948730469,251707,0.0,0
286.5400085449219,286.7300109863281,286.1112060546875,286.1571044921875,187039,0.0,0
286.139892578125,286.20001220703125,285.6370849609375,286.1401062011719,304186,0.0,0
286.1400146484375,286.5,286.1199951171875,286.4049987792969,659974,0.0,0
286.3800048828125,286.4731140136719,286.0799865722656,286.1000061035156,307558,0.0,0
286.0700988769531,286.2650146484375,285.7799987792969,286.239990234375,271288,0.0,0
286.2300109863281,286.4200134277344,286.0199890136719,286.2699890136719,247165,0.0,0
286.2900085449219,286.5799865722656,285.989990234375,286.06500244140625,272605,0.0,0
286.06500244140625,286.1214904785156,285.55999755859375,286.0799865722656,388901,0.0,0
286.05999755859375,286.3999938964844,285.9800109863281,286.3599853515625,463305,0.0,0
286.3699951171875,286.75,285.9700012207031,286.3387145996094,688808,0.0,0
286.3299865722656,286.8800048828125,286.0400085449219,286.1600036621094,1684416,0.0,0
282.0799865722656,282.4599914550781,279.75,280.2699890136719,3082931,0.0,0
280.25,280.3999938964844,278.9800109863281,279.95001220703125,1421357,0.0,0
279.92999267578125,280.45001220703125,279.3758850097656,279.5199890136719,873034,0.0,0
279.510009765625,280.0679931640625,278.7799987792969,278.935302734375,852186,0.0,0
278.93499755859375,279.2099914550781,278.4599914550781,278.8299865722656,648761,0.0,0
278.80999755859375,279.04998779296875,278.2200012207031,278.239990234375,598865,0.0,0
278.25,278.6199951171875,277.7900085449219,278.0801086425781,546987,0.0,0
278.1000061035156,278.7099914550781,278.0,278.1000061035156,498551,0.0,0
278.1099853515625,279.1400146484375,278.0299987792969,278.94000244140625,535820,0.0,0
278.9576110839844,279.3599853515625,278.69000244140625,279.17999267578125,487634,0.0,0
279.1449890136719,279.3500061035156,278.79998779296875,278.8799133300781,366012,0.0,0
278.8599853515625,279.2900085449219,278.79998779296875,278.8399963378906,438452,0.0,0
278.8599853515625,279.2900085449219,278.75,278.8500061035156,260087,0.0,0
278.8501892089844,279.0400085449219,278.6033935546875,278.99810791015625,277424,0.0,0
279.0199890136719,279.04998779296875,278.54998779296875,278.8299865722656,281328,0.0,0
278.8323059082031,278.9700012207031,278.42999267578125,278.5,268747,0.0,0
278.45001220703125,278.4700012207031,278.0799865722656,278.2650146484375,359404,0.0,0
278.260009765625,278.4200134277344,278.1300048828125,278.2300109863281,347481,0.0,0
278.239990234375,278.5199890136719,278.1300048828125,278.3699951171875,342944,0.0,0
278.3800048828125,278.489990234375,278.19000244140625,278.24200439453125,275266,0.0,0
278.239990234375,278.260009765625,277.4700012207031,277.4800109863281,493040,0.0,0
277.4800109863281,277.73199462890625,277.3399963378906,277.7200012207031,441832,0.0,0
277.67999267578125,278.3399963378906,277.6700134277344,278.05499267578125,730827,0.0,0
278.07000732421875,278.3900146484375,277.7698974609375,277.7699890136719,740879,0.0,0
277.7619934082031,277.989990234375,277.2200012207031,277.239990234375,866399,0.0,0
277.2398986816406,278.3299865722656,277.2398986816406,277.8599853515625,2612008,0.0,0
276.44000244140625,278.1000061035156,276.3789978027344,276.5199890136719,1830302,0.0,0
276.55999755859375,278.3999938964844,276.55999755859375,277.3450012207031,838409,0.0,0
277.3500061035156,278.8599853515625,276.92999267578125,278.5,793729,0.0,0
278.5299987792969,278.760009765625,277.3599853515625,277.3900146484375,530151,0.0,0
277.4100036621094,277.8500061035156,277.0899963378906,277.4100036621094,633760,0.0,0
277.4100036621094,277.5899963378906,276.1300048828125,276.2300109863281,673932,0.0,0
276.2250061035156,276.55999755859375,275.8999938964844,276.3399963378906,547203,0.0,0
276.3121032714844,276.82000732421875,276.2300109863281,276.2799987792969,403273,0.0,0
276.28009033203125,276.8900146484375,276.2799987792969,276.5400085449219,397400,0.0,0
276.55999755859375,276.8999938964844,276.3500061035156,276.54998779296875,328259,0.0,0
276.57000732421875,276.6700134277344,276.068603515625,276.3890075683594,328183,0.0,0
276.3800048828125,276.3800048828125,275.3999938964844,275.5350036621094,718686,0.0,0
275.5199890136719,276.66241455078125,275.5,276.4200134277344,404406,0.0,0
276.4549865722656,276.7099914550781,276.2799987792969,276.57000732421875,253143,0.0,0
276.5899963378906,276.8299865722656,276.1700134277344,276.7149963378906,935882,0.0,0
276.7300109863281,277.3299865722656,276.45001220703125,277.1600036621094,446414,0.0,0
277.20001220703125,277.29998779296875,276.82000732421875,276.8399963378906,245917,0.0,0
276.8500061035156,277.0299987792969,276.4100036621094,276.7699890136719,506140,0.0,0
276.760009765625,276.9800109863281,276.5799865722656,276.82501220703125,303228,0.0,0
276.82000732421875,277.5150146484375,276.7699890136719,277.260009765625,419856,0.0,0
277.2699890136719,277.3399963378906,276.8699951171875,277.1499938964844,316588,0.0,0
277.1400146484375,277.1400146484375,276.75,277.0400085449219,333268,0.0,0
277.0400085449219,277.4700012207031,276.5299987792969,277.2134094238281,432063,0.0,0
277.19500732421875,277.489990234375,276.8599853515625,276.92999267578125,342315,0.0,0
276.9700012207031,277.0299987792969,276.6000061035156,276.7300109863281,531694,0.0,0
276.7200012207031,276.79998779296875,276.0199890136719,276.42999267578125,1380712,0.0,0
275.4100036621094,276.489990234375,275.3699951171875,276.05999755859375,2019448,0.0,0
276.1000061035156,276.25,275.2900085449219,275.9100036621094,800729,0.0,0
275.94000244140625,276.29998779296875,275.2699890136719,275.6400146484375,715427,0.0,0
275.6000061035156,276.5,275.510009765625,275.9700012207031,618986,0.0,0
275.9599914550781,276.18499755859375,275.1099853515625,275.510009765625,637051,0.0,0
275.50030517578125,276.1400146484375,275.3800048828125,275.57000732421875,378976,0.0,0
275.5945129394531,276.17999267578125,275.260009765625,276.1400146484375,544437,0.0,0
276.19000244140625,276.8999938964844,275.9800109863281,276.7300109863281,594933,0.0,0
276.760009765625,276.989990234375,276.32000732421875,276.989990234375,481043,0.0,0
276.989990234375,277.2049865722656,276.8299865722656,276.9700012207031,406088,0.0,0
277.0,277.2300109863281,276.79998779296875,276.8599853515625,329680,0.0,0
276.8999938964844,277.04998779296875,276.1499938964844,276.19000244140625,388004,0.0,0
276.19329833984375,276.2839050292969,275.45001220703125,275.6000061035156,496788,0.0,0
275.5899963378906,276.05340576171875,275.5299987792969,275.9800109863281,281111,0.0,0
275.9700012207031,276.2900085449219,275.82000732421875,276.0400085449219,735427,0.0,0
276.0400085449219,276.1885986328125,275.5,275.5400085449219,208916,0.0,0
275.489990234375,275.7699890136719,275.489990234375,275.7099914550781,224749,0.0,0
275.7049865722656,275.8599853515625,275.6000061035156,275.8500061035156,182984,0.0,0
275.8699951171875,276.1199951171875,275.739990234375,275.9599914550781,257251,0.0,0
275.9599914550781,276.20159912109375,275.8800048828125,276.0799865722656,236508,0.0,0
276.0899963378906,276.2049865722656,275.6600036621094,275.8500061035156,356967,0.0,0
275.8399963378906,276.239990234375,275.57000732421875,276.1600036621094,412967,0.0,0
276.1400146484375,276.6499938964844,275.9700012207031,276.6099853515625,288675,0.0,0
276.6000061035156,276.69000244140625,276.239990234375,276.4100036621094,408150,0.0,0
276.42498779296875,276.95001220703125,276.42388916015625,276.8399963378906,463591,0.0,0
276.8299865722656,276.8299865722656,275.510009765625,275.8599853515625,1950869,0.0,0
276.0,276.135009765625,274.5199890136719,275.0849914550781,2209487,0.0,0
275.07000732421875,276.8500061035156,274.8999938964844,276.7200012207031,952692,0.0,0
276.7799987792969,277.2799987792969,276.6600036621094,276.7699890136719,658958,0.0,0
276.7900085449219,277.3599853515625,276.6099853515625,277.1600036621094,491643,0.0,0
277.2099914550781,277.6600036621094,277.135009765625,277.3346862792969,555926,0.0,0
277.42498779296875,277.6000061035156,276.8599853515625,276.8599853515625,332853,0.0,0
276.9100036621094,277.0799865722656,276.1000061035156,276.1452941894531,470682,0.0,0
276.14111328125,276.1700134277344,275.0199890136719,275.4700012207031,497234,0.0,0
275.489990234375,275.739990234375,275.3299865722656,275.618896484375,394362,0.0,0
275.6499938964844,275.9200134277344,275.2200012207031,275.760009765625,448299,0.0,0
275.7550048828125,276.07000732421875,275.3399963378906,275.5115966796875,369661,0.0,0
275.5400085449219,275.9999084472656,275.3500061035156,275.9200134277344,269266,0.0,0
275.9200134277344,275.9700012207031,275.5035095214844,275.9100036621094,217075,0.0,0
275.9198913574219,275.95001220703125,275.2300109863281,275.739990234375,229863,0.0,0
275.7300109863281,275.95001220703125,275.4800109863281,275.75,249017,0.0,0
275.75,276.16009521484375,275.6000061035156,276.1099853515625,300710,0.0,0
276.1099853515625,276.7200012207031,276.05999755859375,276.375,381494,0.0,0
276.3900146484375,276.81500244140625,276.2699890136719,276.7749938964844,231483,0.0,0
276.79998779296875,276.82000732421875,276.3299865722656,276.6903076171875,578887,0.0,0
276.68499755859375,276.92999267578125,276.5199890136719,276.8800048828125,448736,0.0,0
276.8900146484375,276.95001220703125,276.19000244140625,276.32000732421875,229372,0.0,0
276.32000732421875,276.5799865722656,276.1099853515625,276.5400085449219,234509,0.0,0
276.5199890136719,276.7699890136719,276.4200134277344,276.7699890136719,286480,0.0,0
276.7900085449219,277.19000244140625,276.57000732421875,277.17999267578125,362092,0.0,0
277.1700134277344,278.0,276.989990234375,277.92999267578125,739970,0.0,0
277.92999267578125,279.0199890136719,277.7349853515625,279.0,1543139,0.0,0
278.75,279.70001220703125,278.3699951171875,279.3699951171875,1108285,0.0,0
279.3500061035156,279.6600036621094,278.3999938964844,279.6099853515625,462504,0.0,0
279.6099853515625,280.3399963378906,276.6000061035156,279.1499938964844,1546647,0.0,0
279.2300109863281,279.4100036621094,275.3900146484375,276.0299987792969,801621,0.0,0
276.0,276.0,273.7200012207031,274.1499938964844,1102390,0.0,0
274.13531494140625,274.789794921875,273.760009765625,274.1300048828125,585706,0.0,0
274.07000732421875,274.260009765625,272.20001220703125,272.4100036621094,925772,0.0,0
272.45001220703125,272.6911926269531,271.5199890136719,272.5199890136719,722649,0.0,0
272.54998779296875,272.7699890136719,271.760009765625,271.8800048828125,381414,0.0,0
271.9028015136719,273.08990478515625,271.9028015136719,272.3299865722656,467286,0.0,0
272.3500061035156,272.3500061035156,271.5799865722656,271.9599914550781,336499,0.0,0
271.94000244140625,271.94000244140625,271.1499938964844,271.82000732421875,453058,0.0,0
271.80999755859375,272.2200012207031,271.5,272.0199890136719,330587,0.0,0
272.0400085449219,272.7699890136719,271.9700012207031,272.7099914550781,275592,0.0,0
272.70001220703125,273.1099853515625,272.5299987792969,272.6199951171875,411417,0.0,0
272.6099853515625,273.0,272.239990234375,272.7349853515625,305646,0.0,0
272.7200012207031,272.7749938964844,271.8399963378906,271.8999938964844,317364,0.0,0
271.92999267578125,272.1098937988281,271.5299987792969,271.6400146484375,266983,0.0,0
271.6499938964844,271.7799987792969,271.32000732421875,271.4549865722656,325507,0.0,0
271.489990234375,271.510009765625,270.9700012207031,271.1499938964844,407347,0.0,0
271.1400146484375,271.30999755859375,270.9200134277344,270.9800109863281,336836,0.0,0
270.9599914550781,271.1300048828125,270.2799987792969,270.4200134277344,447292,0.0,0
270.4100036621094,270.6199951171875,269.94000244140625,270.1600036621094,769618,0.0,0
270.17999267578125,270.3800048828125,269.69000244140625,269.92999267578125,706249,0.0,0
269.9200134277344,270.0299987792969,269.1600036621094,269.260009765625,867564,0.0,0
269.25,269.3999938964844,267.9800109863281,268.1700134277344,3285769,0.0,0
266.0,267.17041015625,265.9100036621094,266.7300109863281,2575865,0.0,0
266.75,266.80999755859375,265.1888122558594,265.1888122558594,825467,0.0,0
265.1700134277344,265.7200012207031,264.9200134277344,265.20001220703125,951593,0.0,0
265.2200012207031,266.5899963378906,265.1600036621094,266.0400085449219,714787,0.0,0
266.04998779296875,266.5,264.760986328125,265.17999267578125,611350,0.0,0
265.17999267578125,265.3399963378906,264.2300109863281,264.29998779296875,529528,0.0,0
264.2900085449219,264.9599914550781,263.8500061035156,263.9700012207031,693138,0.0,0
263.9700012207031,264.6549987792969,263.8999938964844,264.1499938964844,461657,0.0,0
264.19000244140625,265.3399963378906,264.0799865722656,264.1099853515625,483563,0.0,0
264.102294921875,265.239990234375,264.0799865722656,265.1199951171875,424541,0.0,0
265.1600036621094,266.3500061035156,265.0899963378906,265.6398010253906,404370,0.0,0
265.6700134277344,266.20001220703125,265.239990234375,265.3900146484375,288570,0.0,0
265.3699951171875,265.4700012207031,264.7200012207031,265.4621887207031,358789,0.0,0
265.4700012207031,266.6050109863281,265.3599853515625,266.0299987792969,347559,0.0,0
266.0450134277344,266.6199951171875,266.0450134277344,266.3800048828125,224648,0.0,0
266.3599853515625,266.3599853515625,265.5,265.7799987792969,286658,0.0,0
265.739990234375,266.6700134277344,265.68499755859375,266.635009765625,260007,0.0,0
266.6199951171875,266.7900085449219,265.69769287109375,265.7950134277344,272209,0.0,0
265.7900085449219,265.8999938964844,265.29998779296875,265.3299865722656,383856,0.0,0
265.3299865722656,265.3299865722656,264.7099914550781,264.9949951171875,321618,0.0,0
265.0,265.75,265.0,265.7049865722656,304023,0.0,0
265.68499755859375,265.7200012207031,264.80999755859375,265.43939208984375,383929,0.0,0
265.4200134277344,266.34991455078125,265.3590087890625,266.2799987792969,510762,0.0,0
266.2423095703125,266.5,265.92999267578125,265.94500732421875,492892,0.0,0
265.9700012207031,266.4200134277344,265.739990234375,266.3299865722656,597105,0.0,0
266.29998779296875,266.3299865722656,264.8599853515625,265.260009765625,2423983,0.0,0
266.6700134277344,267.04998779296875,265.4800109863281,265.7200012207031,1384276,0.0,0
265.7300109863281,266.0,265.0,265.402099609375,801911,0.0,0
265.3299865722656,265.43499755859375,263.55999755859375,263.8999938964844,1003803,0.0,0
263.8999938964844,264.0,263.2099914550781,263.75,637314,0.0,0
263.7200012207031,263.875,261.5199890136719,261.6400146484375,844070,0.0,0
261.6400146484375,262.3699951171875,260.989990234375,262.3299865722656,680693,0.0,0
262.3299865722656,262.75,261.8299865722656,262.30999755859375,641470,0.0,0
262.3299865722656,263.1300048828125,262.0199890136719,262.802490234375,574310,0.0,0
262.7799987792969,263.3399963378906,262.2699890136719,262.5409851074219,508384,0.0,0
262.54339599609375,262.94000244140625,261.9800109863281,262.69000244140625,329165,0.0,0
262.66790771484375,263.5400085449219,262.5799865722656,263.2349853515625,523174,0.0,0
263.25,263.5899963378906,262.54998779296875,262.6449890136719,509545,0.0,0
262.6400146484375,262.67999267578125,261.7799987792969,261.8699951171875,348618,0.0,0
261.8599853515625,262.55999755859375,261.6650085449219,262.2099914550781,278990,0.0,0
262.19000244140625,262.3699951171875,261.25,261.2799987792969,440666,0.0,0
261.29998779296875,261.57000732421875,261.1000061035156,261.4800109863281,308356,0.0,0
261.4602966308594,261.6700134277344,260.739990234375,260.7449951171875,376390,0.0,0
260.739990234375,261.989990234375,260.6600036621094,261.8700866699219,567588,0.0,0
261.8699951171875,262.2699890136719,261.6099853515625,262.0299987792969,1042699,0.0,0
262.04998779296875,262.1099853515625,261.1499938964844,261.3299865722656,430142,0.0,0
261.3399963378906,262.0350036621094,261.3399963378906,261.6600036621094,447581,0.0,0
261.6700134277344,262.07000732421875,261.5799865722656,261.8900146484375,367635,0.0,0
261.8599853515625,263.3999938964844,261.81500244140625,263.04010009765625,695976,0.0,0
263.07000732421875,263.19000244140625,262.6600036621094,262.9100036621094,529564,0.0,0
262.92999267578125,263.30999755859375,262.1700134277344,262.8800048828125,648440,0.0,0
262.8800048828125,263.3900146484375,262.0400085449219,262.9700012207031,1603709,0.0,0
265.3900146484375,266.052001953125,263.9200134277344,265.8999938964844,1972456,0.0,0
265.94000244140625,267.1099853515625,265.5799865722656,265.7799987792969,1022079,0.0,0
265.80999755859375,265.8599853515625,264.6000061035156,264.69000244140625,822248,0.0,0
264.70001220703125,264.760009765625,263.5899963378906,263.8599853515625,644233,0.0,0
263.8299865722656,264.2900085449219,263.25,264.19000244140625,498188,0.0,0
264.1600036621094,264.82000732421875,263.69000244140625,263.8800048828125,565475,0.0,0
263.8999938964844,263.92999267578125,262.32000732421875,262.510009765625,602220,0.0,0
262.4599914550781,263.29998779296875,262.17608642578125,263.0199890136719,493849,0.0,0
262.9800109863281,264.3800048828125,262.6000061035156,264.260009765625,569199,0.0,0
264.2799987792969,264.8999938964844,264.0400085449219,264.5899963378906,370808,0.0,0
264.6199951171875,264.7699890136719,264.2200012207031,264.5199890136719,351712,0.0,0
264.510009765625,264.9100036621094,263.9599914550781,264.1400146484375,370621,0.0,0
264.20001220703125,264.4649963378906,263.6700134277344,263.8900146484375,284552,0.0,0
263.8900146484375,264.17999267578125,263.4200134277344,263.6700134277344,270792,0.0,0
263.6499938964844,264.05999755859375,263.47540283203125,263.9027099609375,280026,0.0,0
263.9200134277344,263.9200134277344,262.6724853515625,263.010009765625,463367,0.0,0
263.010009765625,263.19000244140625,262.3599853515625,262.5799865722656,427284,0.0,0
262.599609375,262.95001220703125,262.42999267578125,262.8699951171875,266360,0.0,0
262.8699951171875,263.510009765625,262.7099914550781,263.2900085449219,370823,0.0,0
263.3699951171875,263.55999755859375,262.70001220703125,262.9501037597656,351409,0.0,0
262.93011474609375,262.989990234375,262.0799865722656,262.2099914550781,299199,0.0,0
262.1400146484375,262.5899963378906,262.0451965332031,262.4049987792969,361293,0.0,0
262.3900146484375,263.45001220703125,262.1400146484375,263.3900146484375,453195,0.0,0
263.3800048828125,263.9200134277344,262.8800048828125,263.2200012207031,554859,0.0,0
263.2200012207031,263.6300048828125,262.6099853515625,263.55999755859375,601030,0.0,0
263.5299987792969,263.8500061035156,261.3299865722656,261.45001220703125,2695545,0.0,0
258.8699951171875,259.6300048828125,257.8900146484375,258.7401123046875,2399207,0.0,0
258.75,259.5799865722656,258.5,259.4599914550781,866123,0.0,0
259.45001220703125,259.8294982910156,257.70098876953125,257.7200012207031,1098539,0.0,0
257.7099914550781,258.55999755859375,257.5199890136719,258.4599914550781,778471,0.0,0
258.4800109863281,258.489990234375,256.2200012207031,256.4200134277344,899293,0.0,0
256.3900146484375,256.7799987792969,255.67999267578125,255.6999969482422,747261,0.0,0
255.6999969482422,256.9599914550781,255.6699981689453,256.7099914550781,880179,0.0,0
256.7099914550781,256.9599914550781,255.8800048828125,256.0299987792969,560563,0.0,0
256.0299987792969,256.8900146484375,255.6199951171875,255.64320373535156,771845,0.0,0
255.66000366210938,255.8800048828125,255.41000366210938,255.8000030517578,590818,0.0,0
255.7899932861328,256.69000244140625,255.7100067138672,256.55718994140625,419136,0.0,0
256.55999755859375,256.94000244140625,256.2799987792969,256.5150146484375,492288,0.0,0
256.5299987792969,256.6000061035156,256.07000732421875,256.385009765625,392816,0.0,0
256.3999938964844,256.5,255.52000427246094,255.83999633789062,372572,0.0,0
255.8350067138672,256.8999938964844,255.7071990966797,256.8599853515625,439864,0.0,0
256.8599853515625,257.489990234375,256.7200012207031,257.409912109375,449354,0.0,0
257.4100036621094,257.510009765625,256.75,256.7799987792969,372151,0.0,0
256.760009765625,256.7799987792969,256.2200012207031,256.4849853515625,523342,0.0,0
256.4800109863281,256.9200134277344,256.04998779296875,256.6700134277344,434600,0.0,0
256.67498779296875,258.1600036621094,256.510009765625,257.8826904296875,636205,0.0,0
257.8699951171875,258.5801086425781,257.8399963378906,257.9071960449219,651888,0.0,0
257.9100036621094,258.489990234375,257.6700134277344,258.1099853515625,509582,0.0,0
258.1000061035156,259.5199890136719,258.0,259.2900085449219,773052,0.0,0
259.2699890136719,259.3800048828125,258.45001220703125,258.4700012207031,594552,0.0,0
258.4599914550781,258.760009765625,258.2349853515625,258.6449890136719,593615,0.0,0
258.6400146484375,260.8900146484375,258.5,260.3800048828125,2360403,0.0,0
261.69500732421875,262.3500061035156,260.2699890136719,261.239990234375,1910735,0.0,0
261.2799987792969,262.8999938964844,261.20001220703125,261.6600036621094,836429,0.0,0
261.760009765625,262.7279968261719,260.79998779296875,262.4941101074219,716601,0.0,0
262.5,263.4100036621094,262.3999938964844,263.3900146484375,608026,0.0,0
263.4100036621094,264.739990234375,263.3218078613281,264.3699951171875,809635,0.0,0
264.375,264.3999938964844,262.6000061035156,263.2867126464844,829632,0.0,0
263.2799987792969,263.80999755859375,263.1000061035156,263.5450134277344,500578,0.0,0
263.55999755859375,263.82000732421875,263.2300109863281,263.67999267578125,341782,0.0,0
263.70001220703125,263.9800109863281,263.0299987792969,263.2900085449219,430809,0.0,0
263.3009033203125,264.04998779296875,263.2699890136719,263.3900146484375,361600,0.0,0
263.3999938964844,263.4599914550781,262.62811279296875,262.7174072265625,427625,0.0,0
262.70001220703125,262.7200012207031,260.8699951171875,261.2099914550781,690317,0.0,0
261.15289306640625,261.5,259.25,259.32000732421875,879039,0.0,0
259.2900085449219,259.8999938964844,258.7200012207031,259.4700012207031,590754,0.0,0
259.4200134277344,259.44000244140625,258.1199951171875,258.739990234375,611947,0.0,0
258.75,259.1300048828125,257.42840576171875,257.6499938964844,601395,0.0,0
257.6499938964844,257.9100036621094,257.1400146484375,257.6199951171875,423060,0.0,0
257.6099853515625,257.9800109863281,255.8699951171875,255.8800048828125,765040,0.0,0
255.88999938964844,256.4096984863281,255.61000061035156,256.0400085449219,590034,0.0,0
256.0400085449219,256.7799987792969,255.77000427246094,256.7699890136719,512907,0.0,0
256.7900085449219,257.0,256.1163024902344,256.95001220703125,492495,0.0,0
256.95361328125,257.0199890136719,255.97000122070312,256.17999267578125,381935,0.0,0
256.1700134277344,257.0299987792969,256.0683898925781,256.4200134277344,515402,0.0,0
256.43499755859375,256.8599853515625,255.60000610351562,256.2049865722656,767430,0.0,0
256.19000244140625,256.19000244140625,254.49000549316406,254.5,997779,0.0,0
254.49000549316406,256.2699890136719,254.47000122070312,256.0899963378906,1850709,0.0,0
256.20001220703125,257.8299865722656,255.25999450683594,255.39999389648438,1828612,0.0,0
255.42999267578125,255.85000610351562,254.70010375976562,255.52499389648438,780376,0.0,0
255.49000549316406,255.49000549316406,252.66000366210938,253.47000122070312,1063023,0.0,0
253.4199981689453,254.63999938964844,252.9499969482422,254.33999633789062,829079,0.0,0
254.35000610351562,255.7899932861328,253.83999633789062,255.51499938964844,662547,0.0,0
255.52000427246094,256.9700012207031,255.0,256.5,821130,0.0,0
256.5050048828125,257.1300048828125,255.88999938964844,256.2300109863281,692082,0.0,0
256.2300109863281,256.3800048828125,255.2100067138672,255.4600067138672,587165,0.0,0
255.44000244140625,256.94000244140625,255.24000549316406,256.43951416015625,728078,0.0,0
256.3800048828125,256.57000732421875,255.77000427246094,256.114990234375,412247,0.0,0
256.1099853515625,256.20001220703125,254.72999572753906,254.85000610351562,410635,0.0,0
254.85000610351562,254.97000122070312,253.5,253.92999267578125,559487,0.0,0
253.9199981689453,254.39100646972656,253.47999572753906,254.3800048828125,433628,0.0,0
254.40499877929688,254.55999755859375,253.99000549316406,254.32000732421875,321196,0.0,0
254.3000030517578,254.3249969482422,252.4600067138672,252.57400512695312,534196,0.0,0
252.55999755859375,253.0,252.2899932861328,252.58999633789062,416975,0.0,0
252.58419799804688,253.1699981689453,252.39999389648438,252.67999267578125,440098,0.0,0
252.69000244140625,253.02000427246094,251.94000244140625,252.9499969482422,687968,0.0,0
252.92999267578125,254.10000610351562,252.86000061035156,253.94000244140625,600584,0.0,0
253.93499755859375,254.17999267578125,253.6199951171875,253.7899932861328,378750,0.0,0
253.8000030517578,254.08999633789062,253.22000122070312,253.61000061035156,461884,0.0,0
253.61000061035156,253.89999389648438,253.02999877929688,253.39999389648438,500356,0.0,0
253.4053955078125,254.08999633789062,252.9199981689453,253.77999877929688,515483,0.0,0
253.7899932861328,254.3000030517578,253.22500610351562,253.61000061035156,664226,0.0,0
253.5800018310547,253.63999938964844,252.58999633789062,253.55999755859375,723337,0.0,0
253.55499267578125,253.75,252.52000427246094,253.3000030517578,1984172,0.0,0
254.67999267578125,255.8000030517578,254.27000427246094,255.27999877929688,1986826,0.0,0
255.25999450683594,255.88999938964844,254.8699951171875,255.07000732421875,1013892,0.0,0
255.0399932861328,255.093994140625,253.55999755859375,253.64999389648438,716112,0.0,0
253.6699981689453,254.4199981689453,253.22000122070312,254.27999877929688,810813,0.0,0
254.3000030517578,255.27999877929688,253.5800018310547,253.91000366210938,740835,0.0,0
253.8800048828125,254.6699981689453,253.47000122070312,254.17999267578125,608827,0.0,0
254.19000244140625,255.75,253.8699951171875,255.3070068359375,573001,0.0,0
255.32000732421875,255.5800018310547,254.91000366210938,255.13999938964844,453443,0.0,0
255.13999938964844,255.5399932861328,254.77000427246094,254.94000244140625,376363,0.0,0
254.9199981689453,255.47999572753906,254.8800048828125,255.25999450683594,290347,0.0,0
255.27000427246094,255.69500732421875,255.22000122070312,255.25,359198,0.0,0
255.22999572753906,255.2899932861328,254.63999938964844,255.10000610351562,469737,0.0,0
255.0800018310547,256.44000244140625,254.72000122070312,256.19000244140625,865841,0.0,0
256.17999267578125,256.45001220703125,255.6844024658203,256.1099853515625,378258,0.0,0
256.1099853515625,256.6400146484375,256.04998779296875,256.20001220703125,437297,0.0,0
256.239990234375,256.2799987792969,255.25,255.4199981689453,433836,0.0,0
255.42999267578125,256.9800109863281,255.39999389648438,256.8900146484375,459716,0.0,0
256.8984069824219,257.1199951171875,256.70001220703125,256.9800109863281,389755,0.0,0
256.9750061035156,257.8900146484375,256.8399963378906,257.3999938964844,582439,0.0,0
257.4100036621094,258.1499938964844,257.1400146484375,258.1000061035156,425510,0.0,0
258.1000061035156,258.5299987792969,257.7200012207031,258.2799987792969,586684,0.0,0
258.2699890136719,258.55999755859375,258.0400085449219,258.30999755859375,521190,0.0,0
258.3500061035156,258.70001220703125,258.17010498046875,258.54998779296875,704315,0.0,0
258.5660095214844,258.8299865722656,258.17999267578125,258.6400146484375,633127,0.0,0
258.6400146484375,258.82000732421875,258.32000732421875,258.4750061035156,918530,0.0,0
258.4700012207031,258.8263854980469,257.9100036621094,258.04998779296875,1822701,0.0,0
257.510009765625,257.69000244140625,255.5,257.54998779296875,1898989,0.0,0
257.57000732421875,258.4599914550781,257.3800048828125,257.8399963378906,1439675,0.0,0
257.8699951171875,258.0690002441406,256.5,256.8699951171875,754505,0.0,0
256.8800048828125,258.3500061035156,256.3901062011719,257.95001220703125,837278,0.0,0
257.9200134277344,258.94000244140625,257.6400146484375,258.8778076171875,710235,0.0,0
258.8500061035156,259.7200012207031,258.5050048828125,259.70001220703125,494678,0.0,0
259.69000244140625,260.42999267578125,259.5400085449219,260.29998779296875,1023266,0.0,0
260.29998779296875,260.3500061035156,259.8900146484375,259.93499755859375,347518,0.0,0
259.9599914550781,260.1300048828125,258.82000732421875,259.42999267578125,601936,0.0,0
259.4200134277344,259.54998779296875,258.739990234375,258.8299865722656,377887,0.0,0
258.8299865722656,258.9800109863281,255.35000610351562,255.6999969482422,1029116,0.0,0
255.6699981689453,255.94000244140625,254.7899932861328,255.6649932861328,697726,0.0,0
255.64999389648438,256.4363098144531,255.4600067138672,256.3800048828125,450891,0.0,0
256.3900146484375,256.6300048828125,256.0199890136719,256.2799987792969,375530,0.0,0
256.29998779296875,257.3599853515625,255.45640563964844,257.2850036621094,462809,0.0,0
257.30999755859375,257.8599853515625,257.1000061035156,257.3460998535156,379551,0.0,0
257.3699951171875,257.8999938964844,256.8999938964844,257.6400146484375,274302,0.0,0
257.6050109863281,257.70001220703125,256.30999755859375,256.8399963378906,365571,0.0,0
256.8500061035156,257.2099914550781,256.5400085449219,256.54998779296875,218650,0.0,0
256.55999755859375,257.1400146484375,256.29998779296875,256.8999938964844,352840,0.0,0
256.910400390625,257.82000732421875,256.6700134277344,257.2799987792969,414748,0.0,0
257.260009765625,257.3800048828125,256.5400085449219,256.69000244140625,342163,0.0,0
256.69500732421875,257.04998779296875,256.05999755859375,257.0199890136719,484243,0.0,0
257.04278564453125,257.4700012207031,256.9100036621094,256.95001220703125,322916,0.0,0
256.9700012207031,257.3039855957031,256.5,256.55999755859375,428873,0.0,0
256.5299987792969,258.6499938964844,256.489990234375,258.5400085449219,1605951,0.0,0
260.5,262.95001220703125,260.2900085449219,261.3900146484375,1813138,0.0,0
261.3699951171875,262.5,261.0203857421875,262.42999267578125,1321956,0.0,0
262.3999938964844,263.3299865722656,262.2300109863281,263.20001220703125,841296,0.0,0
263.19000244140625,263.8399963378906,262.8900146484375,263.8399963378906,777738,0.0,0
263.8399963378906,265.07000732421875,263.7699890136719,264.8800048828125,1102142,0.0,0
264.87060546875,265.1700134277344,264.5400085449219,264.8299865722656,757207,0.0,0
264.8299865722656,265.05999755859375,263.7900085449219,263.9530029296875,691266,0.0,0
263.9490966796875,264.32940673828125,263.2699890136719,264.239990234375,658002,0.0,0
264.2099914550781,264.5249938964844,263.92999267578125,264.05999755859375,507859,0.0,0
264.0400085449219,264.0400085449219,263.42999267578125,263.80999755859375,419371,0.0,0
263.79998779296875,263.90728759765625,263.1300048828125,263.29998779296875,540994,0.0,0
263.2900085449219,263.4100036621094,262.7300109863281,262.97760009765625,373764,0.0,0
262.9800109863281,263.6000061035156,262.7799987792969,263.385009765625,348865,0.0,0
263.3999938964844,264.0350036621094,263.0400085449219,263.9800109863281,527775,0.0,0
264.0185852050781,264.239990234375,263.5400085449219,264.010009765625,527051,0.0,0
263.9877014160156,264.45001220703125,263.9100036621094,264.21600341796875,362655,0.0,0
264.2101135253906,264.4599914550781,264.0,264.07000732421875,330138,0.0,0
264.06500244140625,264.3599853515625,264.05999755859375,264.260009765625,307609,0.0,0
264.260009765625,264.4800109863281,264.0199890136719,264.3999938964844,362228,0.0,0
264.3999938964844,264.5899963378906,264.2699890136719,264.5639953613281,380253,0.0,0
264.5697937011719,264.57000732421875,263.989990234375,264.1000061035156,441390,0.0,0
264.1099853515625,264.4800109863281,264.0299987792969,264.4100036621094,378171,0.0,0
264.3949890136719,264.9599914550781,264.2300109863281,264.889892578125,561722,0.0,0
264.8699951171875,264.8900146484375,264.1000061035156,264.4849853515625,657282,0.0,0
264.4700012207031,265.2300109863281,264.3699951171875,265.04998779296875,968885,0.0,0
265.04998779296875,265.07000732421875,264.3500061035156,264.44000244140625,1816442,0.0,0
265.7799987792969,266.1700134277344,265.17999267578125,265.44049072265625,1462101,0.0,0
265.4800109863281,267.3500061035156,265.1600036621094,266.94000244140625,1304028,0.0,0
266.95001220703125,266.9800109863281,266.32830810546875,266.7200012207031,600900,0.0,0
266.7300109863281,267.45001220703125,266.69000244140625,267.1199951171875,535234,0.0,0
267.1199951171875,267.25,266.4599914550781,266.6099853515625,545267,0.0,0
266.6199951171875,266.9700012207031,266.4800109863281,266.760009765625,449600,0.0,0
266.760009765625,266.9961853027344,265.8100891113281,266.260009765625,511705,0.0,0
266.28271484375,267.0799865722656,265.9599914550781,267.0799865722656,358886,0.0,0
267.0790100097656,267.260009765625,266.6400146484375,266.9200134277344,382521,0.0,0
266.8999938964844,266.9830017089844,265.36370849609375,265.6400146484375,513453,0.0,0
265.6300048828125,265.8800048828125,265.19000244140625,265.70001220703125,384497,0.0,0
265.7099914550781,266.1499938964844,265.3399963378906,265.8599853515625,306569,0.0,0
265.8599853515625,266.20001220703125,265.4700012207031,266.0799865722656,394480,0.0,0
266.1099853515625,266.42999267578125,265.80999755859375,266.19000244140625,358661,0.0,0
266.189208984375,266.7200012207031,265.6300048828125,266.5968933105469,399930,0.0,0
266.6199951171875,266.8599853515625,266.30999755859375,266.82000732421875,262058,0.0,0
266.82000732421875,266.92999267578125,266.3949890136719,266.4800109863281,240569,0.0,0
266.42999267578125,267.010009765625,266.3299865722656,266.8800048828125,211422,0.0,0
266.8599853515625,266.9200134277344,266.489990234375,266.70001220703125,211801,0.0,0
266.69000244140625,266.9200134277344,265.989990234375,266.1099853515625,409948,0.0,0
266.07000732421875,266.5199890136719,265.8348083496094,266.4800109863281,294489,0.0,0
266.44000244140625,266.760009765625,266.3800048828125,266.489990234375,311042,0.0,0
266.489990234375,266.7900085449219,266.17999267578125,266.6700134277344,433438,0.0,0
266.6900939941406,266.7189025878906,265.952392578125,266.1000061035156,504888,0.0,0
266.1099853515625,266.5400085449219,265.8399963378906,266.4901123046875,513174,0.0,0
266.489990234375,266.70001220703125,266.0799865722656,266.67999267578125,1479724,0.0,0
258.8399963378906,260.3999938964844,258.1199951171875,258.364990234375,2956672,0.0,0
258.3399963378906,259.0199890136719,257.3999938964844,257.4200134277344,1172194,0.0,0
257.4200134277344,257.70001220703125,256.6099853515625,257.2650146484375,1231277,0.0,0
257.25,257.70001220703125,256.760009765625,257.3399963378906,922146,0.0,0
257.3299865722656,257.53961181640625,255.88999938964844,256.1300048828125,826227,0.0,0
256.1199951171875,256.1700134277344,255.61000061035156,255.7899932861328,716013,0.0,0
255.7899932861328,255.99000549316406,255.0500030517578,255.17999267578125,789619,0.0,0
255.14999389648438,255.4239959716797,254.6199951171875,254.7899932861328,816101,0.0,0
254.81500244140625,255.2100067138672,254.64999389648438,255.1811981201172,688383,0.0,0
255.2100067138672,255.96749877929688,254.9199981689453,255.26499938964844,843960,0.0,0
255.24000549316406,255.88999938964844,254.97999572753906,255.85000610351562,559077,0.0,0
255.86439514160156,256.0299987792969,255.07000732421875,255.1649932861328,603196,0.0,0
255.16220092773438,255.77000427246094,254.98500061035156,255.60000610351562,505680,0.0,0
255.6197967529297,256.08990478515625,255.3699951171875,255.8699951171875,465320,0.0,0
255.86000061035156,256.45001220703125,255.52000427246094,256.1864929199219,599666,0.0,0
256.1400146484375,256.9100036621094,255.82000732421875,256.8299865722656,583930,0.0,0
256.8299865722656,256.9599914550781,256.2099914550781,256.3699951171875,547205,0.0,0
256.3699951171875,256.5050048828125,255.72999572753906,255.7899932861328,446422,0.0,0
255.80999755859375,255.8800048828125,255.25999450683594,255.61239624023438,435779,0.0,0
255.62460327148438,255.89959716796875,254.8800048828125,255.00999450683594,516959,0.0,0
254.99000549316406,255.10000610351562,254.82000732421875,254.82989501953125,390591,0.0,0
254.8249969482422,254.9499969482422,254.00999450683594,254.22000122070312,834476,0.0,0
254.22999572753906,254.32000732421875,253.8000030517578,254.00210571289062,795488,0.0,0
254.0050048828125,254.25999450683594,253.36000061035156,253.3699951171875,974853,0.0,0
253.3699951171875,253.4199981689453,251.83999633789062,252.08999633789062,1530192,0.0,0
252.08999633789062,252.99000549316406,251.58999633789062,252.0,3763942,0.0,0
253.24220275878906,253.5,251.2100067138672,252.83999633789062,1978707,0.0,0
253.77000427246094,253.8800048828125,252.47000122070312,253.4600067138672,1043839,0.0,0
253.47000122070312,253.9199981689453,252.3249969482422,252.4949951171875,811639,0.0,0
252.52000427246094,252.99000549316406,251.05999755859375,251.10989379882812,677322,0.0,0
251.15989685058594,253.00999450683594,250.8946990966797,252.85000610351562,734004,0.0,0
252.88299560546875,253.42999267578125,252.3800048828125,253.4149932861328,636090,0.0,0
253.39999389648438,254.0050048828125,252.69000244140625,253.34500122070312,584075,0.0,0
253.35000610351562,253.47999572753906,252.3000030517578,252.35000610351562,560022,0.0,0
252.35499572753906,253.1013946533203,252.11000061035156,252.74000549316406,434876,0.0,0
252.75999450683594,253.0,251.89999389648438,251.9600067138672,445150,0.0,0
251.99000549316406,252.14999389648438,251.42999267578125,251.83999633789062,410409,0.0,0
251.86000061035156,252.19000244140625,251.6300048828125,251.9199981689453,369873,0.0,0
251.97000122070312,252.51499938964844,251.77000427246094,252.44000244140625,386633,0.0,0
252.44500732421875,252.6999969482422,252.13999938964844,252.5,821705,0.0,0
252.5500030517578,252.9600067138672,252.2436981201172,252.44000244140625,347063,0.0,0
252.44000244140625,252.72999572753906,251.94000244140625,252.02499389648438,308438,0.0,0
252.0399932861328,252.15530395507812,251.5800018310547,251.77999877929688,599583,0.0,0
251.77000427246094,251.77000427246094,250.57000732421875,250.7899932861328,850327,0.0,0
250.77000427246094,251.1699981689453,250.3699951171875,250.6999969482422,542229,0.0,0
250.69000244140625,251.07000732421875,250.52999877929688,251.0,369244,0.0,0
251.0,251.8300018310547,250.9600067138672,251.375,481931,0.0,0
251.38999938964844,251.41000366210938,250.66000366210938,250.7899932861328,497746,0.0,0
250.7899932861328,251.44000244140625,250.5399932861328,250.6699981689453,575292,0.0,0
250.6300048828125,250.91000366210938,250.14999389648438,250.52999877929688,791645,0.0,0
250.47000122070312,251.4499969482422,249.86000061035156,251.17999267578125,1265274,0.0,0
251.18499755859375,252.7100067138672,250.85000610351562,252.25,2037605,0.0,0
249.77000427246094,250.17999267578125,248.3256072998047,249.4499969482422,2436228,0.0,0
249.4600067138672,250.6201934814453,248.7899932861328,250.4199981689453,1276683,0.0,0
250.4199981689453,251.39999389648438,248.6284942626953,248.6300048828125,1377281,0.0,0
248.64999389648438,249.2899932861328,247.14999389648438,247.25,1724532,0.0,0
247.25,247.8699951171875,246.85000610351562,247.6699981689453,1211061,0.0,0
247.6999969482422,247.79200744628906,245.58999633789062,245.63999938964844,1247039,0.0,0
245.6300048828125,246.17999267578125,245.1999969482422,246.11000061035156,1135551,0.0,0
246.10000610351562,247.14999389648438,245.82000732421875,246.86500549316406,806017,0.0,0
246.85000610351562,247.3800048828125,246.3800048828125,246.4600067138672,701833,0.0,0
246.4600067138672,246.72999572753906,245.41099548339844,245.81289672851562,580733,0.0,0
245.8000030517578,246.22999572753906,245.3800048828125,245.65499877929688,593117,0.0,0
245.66729736328125,245.8699951171875,245.27000427246094,245.5500030517578,602622,0.0,0
245.5500030517578,246.55999755859375,245.5500030517578,246.27999877929688,571468,0.0,0
246.2899932861328,246.63999938964844,246.09100341796875,246.55999755859375,379686,0.0,0
246.57000732421875,248.4499969482422,246.57000732421875,247.8800048828125,838170,0.0,0
247.88999938964844,248.11000061035156,247.5885009765625,247.6999969482422,457086,0.0,0
247.66000366210938,247.77999877929688,247.05999755859375,247.14999389648438,517774,0.0,0
247.13999938964844,247.25999450683594,246.61000061035156,247.0229949951172,434225,0.0,0
247.0399932861328,247.05999755859375,245.9199981689453,246.1199951171875,566246,0.0,0
246.11000061035156,246.39999389648438,245.75999450683594,246.36000061035156,597820,0.0,0
246.36000061035156,246.71499633789062,246.02000427246094,246.30999755859375,582301,0.0,0
246.27999877929688,246.3000030517578,245.49000549316406,245.60000610351562,586221,0.0,0
245.6199951171875,245.74000549316406,244.8249969482422,244.95469665527344,1401284,0.0,0
244.94000244140625,245.05999755859375,244.02000427246094,244.21499633789062,1156756,0.0,0
244.22000122070312,245.02999877929688,244.0800018310547,244.86000061035156,1183845,0.0,0
244.85000610351562,246.39999389648438,244.75,245.32000732421875,3090478,0.0,0
244.25999450683594,244.50999450683594,243.02000427246094,243.19000244140625,9395493,0.0,0
243.22999572753906,244.2100067138672,242.3800048828125,242.67999267578125,1250001,0.0,0
242.72000122070312,244.5800018310547,242.50999450683594,244.22999572753906,1391929,0.0,0
244.22500610351562,244.36000061035156,243.22000122070312,243.35000610351562,978705,0.0,0
243.3699951171875,244.3800048828125,243.3000030517578,243.4199981689453,966424,0.0,0
243.42999267578125,243.47999572753906,242.4199981689453,242.4199981689453,882839,0.0,0
242.4550018310547,243.02000427246094,242.41000366210938,242.72000122070312,578470,0.0,0
242.6999969482422,243.61000061035156,242.63999938964844,243.07000732421875,861235,0.0,0
243.0500030517578,243.47999572753906,242.47000122070312,243.21490478515625,740283,0.0,0
243.2100067138672,244.27999877929688,243.10000610351562,244.156494140625,710242,0.0,0
244.19000244140625,244.22000122070312,243.1300048828125,243.16000366210938,561733,0.0,0
243.14500427246094,243.3000030517578,242.3699951171875,242.5500030517578,746650,0.0,0
242.52000427246094,242.99000549316406,242.47000122070312,242.9250030517578,479423,0.0,0
242.9199981689453,243.3300018310547,242.74000549316406,243.2100067138672,443416,0.0,0
243.17999267578125,243.36000061035156,242.3699951171875,242.39999389648438,506431,0.0,0
242.3800048828125,242.72000122070312,242.3000030517578,242.4971923828125,497946,0.0,0
242.5,242.99000549316406,242.3000030517578,242.7100067138672,732516,0.0,0
242.7100067138672,242.74000549316406,242.16000366210938,242.44000244140625,465041,0.0,0
242.43499755859375,242.58999633789062,242.16000366210938,242.2100067138672,533839,0.0,0
242.21060180664062,243.85000610351562,242.0626983642578,243.625,755347,0.0,0
243.57000732421875,243.80499267578125,243.1699981689453,243.38299560546875,553733,0.0,0
243.3699951171875,244.1999969482422,243.2899932861328,243.71099853515625,889258,0.0,0
243.6999969482422,245.14999389648438,243.6300048828125,244.3300018310547,1333530,0.0,0
244.33999633789062,245.1699981689453,244.0399932861328,244.22999572753906,999572,0.0,0
244.2100067138672,244.60020446777344,243.6199951171875,244.4365997314453,1160402,0.0,0
244.41000366210938,245.3000030517578,243.7949981689453,244.74000549316406,2540883,0.0,0
242.46499633789062,243.3300018310547,241.9499969482422,243.1699981689453,2084583,0.0,0
243.14500427246094,243.97999572753906,242.82000732421875,243.61000061035156,869103,0.0,0
243.6300048828125,244.33999633789062,243.0,243.9499969482422,762443,0.0,0
243.9199981689453,244.08999633789062,242.71009826660156,243.4199981689453,635877,0.0,0
243.3800048828125,244.5800018310547,243.07000732421875,244.13279724121094,863074,0.0,0
244.11000061035156,244.25,243.40281677246094,243.6199951171875,535411,0.0,0
243.66000366210938,244.02999877929688,243.35000610351562,243.61500549316406,513338,0.0,0
243.61000061035156,244.17999267578125,242.67999267578125,242.77000427246094,633434,0.0,0
242.77000427246094,242.85000610351562,241.7899932861328,242.02999877929688,886746,0.0,0
242.02659606933594,242.32000732421875,241.64999389648438,241.69110107421875,796540,0.0,0
241.6699981689453,241.9499969482422,240.85000610351562,241.4949951171875,1020410,0.0,0
241.47500610351562,241.75,241.22000122070312,241.35000610351562,663627,0.0,0
241.33999633789062,242.07000732421875,241.24000549316406,242.0500030517578,868495,0.0,0
242.07000732421875,242.8300018310547,241.92999267578125,242.5800018310547,905470,0.0,0
242.5706024169922,242.72999572753906,241.9600067138672,242.0749969482422,568991,0.0,0
242.05999755859375,242.72999572753906,241.8300018310547,242.72999572753906,579572,0.0,0
242.72320556640625,242.72999572753906,241.75,242.19000244140625,514140,0.0,0
242.11000061035156,242.75999450683594,242.11000061035156,242.3115997314453,681206,0.0,0
242.32000732421875,242.41000366210938,242.0,242.08999633789062,574953,0.0,0
242.09280395507812,242.60000610351562,241.8656005859375,242.39500427246094,586014,0.0,0
242.4199981689453,242.89999389648438,242.39999389648438,242.4199981689453,868978,0.0,0
242.3699951171875,243.0998992919922,242.11669921875,243.05999755859375,682914,0.0,0
243.05999755859375,244.85000610351562,243.05999755859375,244.63999938964844,1281539,0.0,0
244.66000366210938,245.0500030517578,244.3300018310547,244.74000549316406,1296899,0.0,0
244.75999450683594,245.13999938964844,244.30999755859375,244.5,1028094,0.0,0
244.47000122070312,244.69000244140625,243.82000732421875,244.57000732421875,1508538,0.0,0
242.06500244140625,242.41000366210938,241.0800018310547,242.25999450683594,1937358,0.0,0
242.27000427246094,243.4499969482422,242.07000732421875,242.47000122070312,1319248,0.0,0
242.47000122070312,242.75999450683594,241.24000549316406,241.30999755859375,1212041,0.0,0
241.30999755859375,242.1199951171875,241.25,242.0,915780,0.0,0
241.97999572753906,242.52999877929688,241.32400512695312,242.36000061035156,1069284,0.0,0
242.32000732421875,242.97999572753906,242.13999938964844,242.77420043945312,593210,0.0,0
242.75999450683594,243.03680419921875,242.5,242.64840698242188,602922,0.0,0
242.64999389648438,242.77999877929688,242.25,242.46490478515625,529814,0.0,0
242.42250061035156,242.75,242.0,242.13999938964844,487359,0.0,0
242.1199951171875,243.44000244140625,242.11729431152344,243.32200622558594,570438,0.0,0
243.35000610351562,243.50999450683594,242.72000122070312,242.9468994140625,516220,0.0,0
242.91000366210938,243.02999877929688,242.14999389648438,242.19639587402344,424696,0.0,0
242.19000244140625,242.25,241.67999267578125,241.82000732421875,546219,0.0,0
241.8000030517578,242.05499267578125,241.5399932861328,241.96170043945312,866425,0.0,0
241.9600067138672,242.1199951171875,241.4499969482422,241.52000427246094,439384,0.0,0
241.52000427246094,241.52000427246094,240.89999389648438,241.01739501953125,892088,0.0,0
241.0,241.02000427246094,240.5500030517578,240.76040649414062,687360,0.0,0
240.75999450683594,240.94000244140625,239.63999938964844,239.87620544433594,1345074,0.0,0
239.85000610351562,240.7100067138672,239.8300018310547,240.41000366210938,1054038,0.0,0
240.41000366210938,241.16000366210938,240.27000427246094,240.64500427246094,875373,0.0,0
240.6300048828125,240.63999938964844,240.0500030517578,240.52999877929688,576723,0.0,0
240.52000427246094,241.6699981689453,240.47000122070312,241.4801025390625,788721,0.0,0
241.47000122070312,242.25,241.27999877929688,241.94000244140625,786120,0.0,0
241.94000244140625,242.5,241.7436065673828,242.25999450683594,665044,0.0,0
242.25,242.97999572753906,241.47999572753906,242.75,1436467,0.0,0
242.75999450683594,243.02000427246094,242.07000732421875,242.4499969482422,1928131,0.0,0
244.27000427246094,244.85000610351562,243.6300048828125,244.30499267578125,1670316,0.0,0
244.3300018310547,245.49000549316406,244.30380249023438,244.82000732421875,1196764,0.0,0
244.80999755859375,245.16000366210938,244.02999877929688,244.02999877929688,794205,0.0,0
244.0399932861328,244.75,243.85000610351562,244.7100067138672,576226,0.0,0
244.6999969482422,244.75999450683594,243.66000366210938,243.88999938964844,534554,0.0,0
243.8800048828125,244.3000030517578,243.73379516601562,243.9499969482422,291253,0.0,0
243.9329071044922,244.04969787597656,243.4990997314453,243.9499969482422,336295,0.0,0
243.9600067138672,244.05999755859375,243.44000244140625,243.83999633789062,390629,0.0,0
243.85000610351562,244.1999969482422,243.8000030517578,244.1824951171875,420276,0.0,0
244.2100067138672,244.60899353027344,243.93899536132812,244.5,445460,0.0,0
244.46499633789062,245.02000427246094,244.27000427246094,245.00999450683594,439171,0.0,0
245.00999450683594,245.22000122070312,244.86000061035156,245.1999969482422,357851,0.0,0
245.19000244140625,245.69000244140625,245.05999755859375,245.33810424804688,579377,0.0,0
245.32960510253906,245.57000732421875,245.02000427246094,245.0290069580078,289675,0.0,0
245.0,245.07000732421875,244.75,244.97500610351562,261487,0.0,0
244.94000244140625,245.0697021484375,244.6699981689453,245.02999877929688,279003,0.0,0
245.0500030517578,245.77000427246094,245.02999877929688,245.69000244140625,359627,0.0,0
245.7100067138672,246.3699951171875,245.5500030517578,246.0800018310547,508614,0.0,0
246.1300048828125,246.22999572753906,240.2899932861328,241.05999755859375,2139566,0.0,0
241.01499938964844,242.6999969482422,240.86000061035156,241.85650634765625,1316694,0.0,0
241.80999755859375,246.8000030517578,241.08999633789062,246.4499969482422,2283451,0.0,0
246.4199981689453,247.66000366210938,244.55999755859375,246.3000030517578,1666398,0.0,0
246.35000610351562,246.75,242.75,244.97000122070312,1331579,0.0,0
244.91000366210938,245.4398956298828,241.5,241.6300048828125,1176839,0.0,0
241.55999755859375,241.97999572753906,240.0,240.00999450683594,1826635,0.0,0
240.0,240.49000549316406,238.89999389648438,238.9600067138672,2970406,0.0,0
237.8704071044922,240.17999267578125,237.57000732421875,239.86000061035156,2645033,0.0,0
239.86000061035156,240.91900634765625,239.39999389648438,240.27999877929688,1775919,0.0,0
240.25999450683594,241.02999877929688,239.3699951171875,241.00140380859375,1514991,0.0,0
240.97999572753906,241.05999755859375,239.5200958251953,240.00999450683594,986277,0.0,0
240.00999450683594,240.73629760742188,239.50999450683594,240.07000732421875,1206295,0.0,0
240.08999633789062,240.3300018310547,239.5,239.58999633789062,967009,0.0,0
239.59500122070312,239.97000122070312,239.48129272460938,239.52999877929688,878755,0.0,0
239.5,239.9163055419922,239.17750549316406,239.75999450683594,1020295,0.0,0
239.77999877929688,240.19000244140625,239.68890380859375,240.07000732421875,699422,0.0,0
240.0500030517578,241.314697265625,239.9600067138672,241.13999938964844,916991,0.0,0
241.1199951171875,241.42999267578125,240.25,240.4250030517578,592298,0.0,0
240.4499969482422,241.6699981689453,240.281005859375,240.82940673828125,827347,0.0,0
240.82000732421875,241.19419860839844,240.5,240.8000030517578,587027,0.0,0
240.7899932861328,240.99000549316406,240.1999969482422,240.27000427246094,683246,0.0,0
240.3000030517578,240.5,239.75999450683594,239.91000366210938,507234,0.0,0
239.88999938964844,240.41000366210938,239.75,240.36000061035156,403051,0.0,0
240.35000610351562,241.0399932861328,240.2677001953125,240.72000122070312,567875,0.0,0
240.70159912109375,241.85000610351562,240.55960083007812,241.33999633789062,908435,0.0,0
241.3000030517578,241.5,240.11000061035156,240.13999938964844,779881,0.0,0
240.1300048828125,240.4499969482422,239.7801055908203,240.27999877929688,597606,0.0,0
240.27000427246094,240.5399932861328,240.02000427246094,240.4199981689453,477843,0.0,0
240.3699951171875,241.83999633789062,240.0500030517578,241.75,917785,0.0,0
241.78500366210938,243.4199981689453,241.75,243.3300018310547,1865065,0.0,0
243.3300018310547,243.3300018310547,242.13009643554688,242.83009338378906,1102320,0.0,0
242.8300018310547,243.41000366210938,242.39999389648438,242.67999267578125,1093994,0.0,0
242.6699981689453,243.86000061035156,240.66000366210938,240.77999877929688,2886757,0.0,0
238.39500427246094,239.7899932861328,238.33999633789062,239.6999969482422,2795983,0.0,0
239.63999938964844,240.42999267578125,238.64999389648438,238.7899932861328,1892437,0.0,0
238.8300018310547,239.61000061035156,238.35000610351562,239.05999755859375,1351631,0.0,0
239.0500030517578,239.60000610351562,238.54400634765625,239.5800018310547,3566627,0.0,0
239.55999755859375,240.08999633789062,238.92999267578125,239.94500732421875,899552,0.0,0
239.9700927734375,241.1300048828125,239.6199951171875,240.1300048828125,1329390,0.0,0
240.1300048828125,240.8000030517578,239.55999755859375,240.00999450683594,1016813,0.0,0
240.0,240.52999877929688,239.32000732421875,239.4499969482422,982993,0.0,0
239.47000122070312,239.79510498046875,238.60000610351562,238.61500549316406,652742,0.0,0
238.6199951171875,238.72999572753906,238.0500030517578,238.22000122070312,912885,0.0,0
238.2100067138672,238.47000122070312,237.63999938964844,238.24000549316406,870434,0.0,0
238.27000427246094,238.3800048828125,237.5,237.6199951171875,617771,0.0,0
237.6300048828125,238.1199951171875,237.52999877929688,237.6508026123047,575069,0.0,0
237.63999938964844,238.4600067138672,237.5800018310547,238.3000030517578,649733,0.0,0
238.31039428710938,238.71890258789062,238.0800018310547,238.35000610351562,512742,0.0,0
238.33999633789062,238.75999450683594,237.5500030517578,237.60000610351562,563283,0.0,0
237.6199951171875,237.9550018310547,237.30999755859375,237.5800018310547,633627,0.0,0
237.55999755859375,237.8300018310547,237.3699951171875,237.72999572753906,570695,0.0,0
237.74000549316406,237.97000122070312,236.2342987060547,236.41000366210938,1016997,0.0,0
236.3773956298828,236.47999572753906,235.89999389648438,236.22999572753906,879718,0.0,0
236.22000122070312,236.22999572753906,235.4499969482422,235.9149932861328,745478,0.0,0
235.88999938964844,236.07000732421875,235.1999969482422,235.39540100097656,637754,0.0,0
235.389892578125,237.13999938964844,235.33999633789062,236.51499938964844,1051995,0.0,0
236.5050048828125,237.28500366210938,236.25999450683594,236.8300018310547,1063210,0.0,0
236.83999633789062,238.10000610351562,236.72999572753906,237.9499969482422,1390183,0.0,0
237.9199981689453,238.44000244140625,236.92999267578125,237.9600067138672,2775278,0.0,0
237.42999267578125,240.14999389648438,237.41000366210938,239.35000610351562,2864430,0.0,0
239.36000061035156,240.7100067138672,239.10000610351562,240.5399932861328,1250173,0.0,0
240.56500244140625,241.24000549316406,239.86000061035156,240.30999755859375,1236756,0.0,0
240.3000030517578,241.25999450683594,240.3000030517578,241.0399932861328,918319,0.0,0
241.0800018310547,241.4499969482422,240.02000427246094,240.5749969482422,1066998,0.0,0
240.55999755859375,240.69900512695312,239.77999877929688,240.57000732421875,777316,0.0,0
240.57000732421875,240.83999633789062,239.10040283203125,239.6999969482422,827988,0.0,0
239.7198944091797,239.82000732421875,238.75,238.77059936523438,546819,0.0,0
238.80999755859375,239.49000549316406,238.6199951171875,238.625,621280,0.0,0
238.63499450683594,239.8300018310547,238.375,239.6699981689453,753660,0.0,0
239.69000244140625,239.7100067138672,239.22000122070312,239.47000122070312,404323,0.0,0
239.47000122070312,239.73190307617188,237.8300018310547,238.0800018310547,658183,0.0,0
238.07000732421875,238.4600067138672,237.7917938232422,237.8699951171875,482325,0.0,0
237.8300018310547,239.3300018310547,237.8300018310547,239.08270263671875,483304,0.0,0
239.08999633789062,239.11000061035156,237.6699981689453,237.75999450683594,477369,0.0,0
237.72999572753906,238.25,237.35000610351562,237.8000030517578,474349,0.0,0
237.7899932861328,238.3300018310547,237.39999389648438,237.51739501953125,571516,0.0,0
237.5343017578125,238.07000732421875,236.9272003173828,236.99000549316406,564819,0.0,0
236.97000122070312,238.47000122070312,236.89999389648438,238.22999572753906,601427,0.0,0
238.25999450683594,238.51319885253906,237.60000610351562,237.60000610351562,413207,0.0,0
237.60000610351562,237.9873046875,237.1199951171875,237.47149658203125,416865,0.0,0
237.4499969482422,238.9499969482422,237.32000732421875,238.5,727776,0.0,0
238.57000732421875,239.0399932861328,238.27000427246094,238.35000610351562,516903,0.0,0
238.35499572753906,238.6300048828125,237.82009887695312,238.30999755859375,690150,0.0,0
238.33999633789062,238.5800018310547,237.50999450683594,238.00010681152344,738265,0.0,0
237.97999572753906,239.58999633789062,237.16000366210938,237.4600067138672,2660356,0.0,0
239.97999572753906,241.8000030517578,239.55499267578125,240.89999389648438,2482730,0.0,0
240.9199981689453,240.97999572753906,239.30999755859375,240.05999755859375,1012708,0.0,0
240.07000732421875,240.13999938964844,238.4199981689453,239.10000610351562,986976,0.0,0
239.11000061035156,239.91000366210938,238.75,238.97000122070312,821248,0.0,0
239.0500030517578,239.78550720214844,238.75,239.72999572753906,779487,0.0,0
239.7353973388672,240.10000610351562,239.33999633789062,239.56500244140625,625626,0.0,0
239.57000732421875,239.86000061035156,238.75,238.82369995117188,551699,0.0,0
238.82000732421875,238.9499969482422,237.24000549316406,237.42999267578125,675570,0.0,0
237.39999389648438,238.27000427246094,237.27999877929688,237.75999450683594,560559,0.0,0
237.72999572753906,237.8300018310547,236.68820190429688,236.76119995117188,718251,0.0,0
236.74000549316406,236.8699951171875,235.41000366210938,235.7100067138672,802058,0.0,0
235.6999969482422,235.7100067138672,234.5,235.32400512695312,1346580,0.0,0
235.2899932861328,235.5,234.8699951171875,235.30999755859375,673419,0.0,0
235.32000732421875,235.9199981689453,235.0800018310547,235.6699981689453,514478,0.0,0
235.64999389648438,235.89999389648438,234.89999389648438,235.30279541015625,813921,0.0,0
235.2899932861328,235.72999572753906,235.1300048828125,235.5500030517578,503626,0.0,0
235.5399932861328,235.8800048828125,234.77999877929688,234.97999572753906,679568,0.0,0
235.00360107421875,235.4199981689453,234.67999267578125,235.19000244140625,729022,0.0,0
235.1999969482422,235.83999633789062,235.02999877929688,235.30999755859375,601216,0.0,0
235.2689971923828,235.44020080566406,234.80999755859375,235.16000366210938,738622,0.0,0
235.17999267578125,236.8000030517578,234.82000732421875,236.38999938964844,822527,0.0,0
236.375,237.0,236.05999755859375,236.44000244140625,927720,0.0,0
236.43499755859375,236.4499969482422,235.36000061035156,236.2899932861328,822418,0.0,0
236.30499267578125,236.7899932861328,235.63499450683594,235.8800048828125,1119828,0.0,0
235.91000366210938,236.27000427246094,235.1999969482422,235.9499969482422,765837,0.0,0
235.9250030517578,236.9600067138672,235.6300048828125,236.41000366210938,2101747,0.0,0
236.80999755859375,236.85000610351562,234.83999633789062,236.49000549316406,2875453,0.0,0
236.47000122070312,237.1199951171875,235.0800018310547,235.14999389648438,1466296,0.0,0
235.16000366210938,236.77000427246094,234.72999572753906,235.91000366210938,1306016,0.0,0
235.88999938964844,238.44000244140625,235.25,238.3350067138672,1393081,0.0,0
238.35000610351562,239.0500030517578,237.8699951171875,238.61000061035156,1176418,0.0,0
238.58999633789062,239.27999877929688,238.5800018310547,238.86000061035156,1037110,0.0,0
238.83999633789062,239.55999755859375,238.0800018310547,238.3000030517578,1092695,0.0,0
238.3300018310547,239.49000549316406,238.22999572753906,238.47999572753906,1013388,0.0,0
238.49000549316406,238.60000610351562,237.85000610351562,238.35899353027344,732392,0.0,0
238.33999633789062,239.8699951171875,238.1300048828125,239.83999633789062,670352,0.0,0
239.86000061035156,240.1999969482422,239.5399932861328,240.0399932861328,966587,0.0,0
240.02499389648438,241.05999755859375,239.74000549316406,239.8300018310547,778296,0.0,0
239.80999755859375,240.27999877929688,239.5399932861328,240.24560546875,539650,0.0,0
240.2220001220703,240.47000122070312,239.63999938964844,239.97999572753906,467617,0.0,0
240.0,240.85000610351562,239.5399932861328,240.42999267578125,663922,0.0,0
240.4499969482422,240.9499969482422,240.4499969482422,240.66000366210938,548501,0.0,0
240.6999969482422,240.72999572753906,240.17999267578125,240.19000244140625,428453,0.0,0
240.17999267578125,240.1999969482422,239.61770629882812,239.97000122070312,490634,0.0,0
239.97000122070312,240.47000122070312,239.75100708007812,240.27000427246094,524564,0.0,0
240.27000427246094,240.4398956298828,239.96200561523438,240.40499877929688,529943,0.0,0
240.39999389648438,240.86000061035156,239.9676055908203,240.19610595703125,408841,0.0,0
240.22000122070312,240.72999572753906,240.0749969482422,240.4600067138672,398187,0.0,0
240.4600067138672,241.6300048828125,240.36000061035156,241.3300018310547,840527,0.0,0
241.33999633789062,241.52999877929688,240.9499969482422,241.33999633789062,641220,0.0,0
241.34500122070312,241.94000244140625,241.3300018310547,241.73989868164062,1078682,0.0,0
241.72000122070312,242.3300018310547,240.86000061035156,241.0399932861328,2185092,0.0,0
237.5,237.5,237.5,237.5,0,0.0,0
